12230327, aomclaleadn,lsyaeh,54612X0YB3,Beginning 3D
1548763, azcainlmruli,cnshrilyleorana ,52185X0YCH,Cantabile
12518635, dasnnotsrou,yri igodea,53082Y0YTS,Advanced MS Theatre
12518635, dasnnotsrou,yri igodea,52892Y0IB,Cadet Band
8363256153, eraziaremhnetndnz, iydrtannolahea,20412X0Y,Alternate Mathematics II
8363256153, eraziaremhnetndnz, iydrtannolahea,54612X0YAS,Visual Art Survey
2189545617, errbamoiuizr,zat tmyhrsnroryeeta,10382X0YRW,ESL High
1928889, jraireucaagz,abhamra,52162X0YCC,Concert Chorus
6617145976, poozlaezlnzeg,ndaerlaxa,10382Y07,ESL Middle
6617145976, poozlaezlnzeg,ndaerlaxa,52672Y0Y7W,Vocal Music Grade 7 Women's
5264892849, r ocleuadzzp el,herny,52792Y0YST,String Technique
1928994, risnztivoa,x ralivlaae,52412X0YSE,String Ensemble
9349252, tenranggirym,qnhr notniaya,20402X0Y,Alternate Mathematics
7585861532,a necaasrlimentz,dxaaarleaaa yn,52162X0YCC,Concert Chorus
12687706,a-enrlercyoas,g nlmguileea,52792Y0YST,String Technique
1928925,aacm-nieetnzhrzs,auium nylelpgaad,52412X0YSE,String Ensemble
12191740,aagnallhcva,ysaivivhsrn,52552X0YCB,Concert Band
1485004,aaiginbtlt,raebaglil,1A087X0Y,AP Spanish Language and Culture
1485004,aaiginbtlt,raebaglil,52585X0YWE,Wind Ensemble
12346429,aaiginbtlt,ualiuzl cc,52562X0JS,Jazz Stage
12354012,aalgoarasdllnad-,ndaerlaxa,52162X0YCC,Concert Chorus
11955885,aatscl-lnurido,ribna,TS315X0Y,Game Art Design Honors
12613299,aaym amneozd,usidenja se,52892Y0WE,MS Wind Ensemble
12597612,aazzaru,syakeynanta ,52692Y078W,Chorus Grade 6-8 Beg Women's
1511670,ababrza,neqel unmeir,5A017X0Y,AP Music Theory
1511670,ababrza,neqel unmeir,52195X0YCE,Chorus Chamber Ensemble
1374610,acgaaruua-agcait,yijde,20402X0Y,Alternate Mathematics
9422022,acrycm,a jaantianinay,52552X0YSB,Symphonic Band
12309749,aczaaavnleltaa rr,alnaii,52412X0YSE,String Ensemble
12669971,ad arizciag,niadlosm arr,52162X0YCC,Concert Chorus
12504291,adigoln,aldneai,52892Y0IB,Cadet Band
12501480,adigoln,hjutdi,52892Y0IB,Cadet Band
12358154,ae miejlrbos,nacrlsoj ea,52162X0YCC,Concert Chorus
12358154,ae miejlrbos,nacrlsoj ea,52412X0YSE,String Ensemble
2391951922,aeccbm,laceiau bet,52792Y0YST,String Technique
12059661,aeesmts,aa hmillweeecmdtkie,54612X0YB3,Beginning 3D
12501731,aelbn,ajmcronne oh,52892Y0YBP,Beginning Percussion
1393758,aendmzarm zioetn,a riniicsgav,20412X0Y,Alternate Mathematics II
7364213899,aenlotlpzzilroog ,sjlneao eg,10382Y07,ESL Middle
7364213899,aenlotlpzzilroog ,sjlneao eg,53082Y0,MS Theatre Studio
7364213899,aenlotlpzzilroog ,sjlneao eg,52682Y0Y8M,Vocal Music Grade 8 Men's
12503518,aenrcmak,meilwir bialc,52792Y0YPH,String Philharmonic
9443623,aesvuivgoee-oqd, coxreairmonaavi,54612X0YB3,Beginning 3D
9443623,aesvuivgoee-oqd, coxreairmonaavi,52162X0YCC,Concert Chorus
12536823,aeusvqz,tssriaackhr iiahn,52892Y0WE,MS Wind Ensemble
12114213,aewclla,naeitryoxaar llda,52552X0YSB,Symphonic Band
12630783,aewclla,uinm  kanr ananoeirejke,52692Y078M,Chorus Grade 6-8 Beg Men's
12083277,aewd, ectjhainae-nleobla,TS315X0Y,Game Art Design Honors
2945293188,aewd,aeamgcemr ,52672Y0Y7W,Vocal Music Grade 7 Women's
12204066,aeyrrmnp, ojeaehhsrsp,52562X0JS,Jazz Stage
12204066,aeyrrmnp, ojeaehhsrsp,52585X0YWE,Wind Ensemble
12226051,afek,jnaenre mlaiiua,52892Y0IB,Cadet Band
5283198693,afemnre,eur nerleavjne,51285X0YCD,Dance Company
12556883,afemnre,r ldeegminaeca,52562X0JS,Jazz Stage
12556883,afemnre,r ldeegminaeca,52892Y0WE,MS Wind Ensemble
12546487,afetdinsl,wsnekr lnniwio,52682Y0Y8W,Vocal Music Grade 8 Women's
12542103,afhunmf, alhrcgoece,53082Y0,MS Theatre Studio
12542103,afhunmf, alhrcgoece,51092Y0YDE,Middle School Dance Ensemble
1469006,afoyd,atiasi sjees,52195X0YCE,Chorus Chamber Ensemble
1469006,afoyd,atiasi sjees,10325X0YNJ,Newspaper Journalism
2317642172,agbtan,nmai,52792Y0YSD,Middle School String Development
12359158,agnho,isapho,52552X0YSB,Symphonic Band
6136253569,agvte laaizr,ebmwamnnie rlji,52792Y0YSD,Middle School String Development
1468447,agwn,aymr,52185X0YGE,Guitar Ensemble
12066101,agwn,vcroit,54175X0YPD,3D Advance (Martinez)
12066101,agwn,vcroit,52195X0YCE,Chorus Chamber Ensemble
12516631,agwn,vnali,52892Y0IB,Cadet Band
12516631,agwn,vnali,52892Y0WE,MS Wind Ensemble
12219773,ahaunbcn,ir sadhtue,53622X0YTS,Theatre Studio I
1502093,ahenwto,atrocihae rcivl,52185X0YCH,Cantabile
12217164,ahenwto,leaemiybhna tczr,52792Y0YPH,String Philharmonic
12667890,ahinrrso,mnsaieniaaon r,52682Y0Y8W,Vocal Music Grade 8 Women's
12505852,ahliegle-nurm,jmbnaine,52682Y0Y8M,Vocal Music Grade 8 Men's
1939856,ahnsmeic,lkigonhyr ymiac,52162X0YCC,Concert Chorus
9972943267,ahres,ojacb,52792Y0YPH,String Philharmonic
12146196,aiadpodrzn,rsamoc,52172X0YGS,Guitar Styles
12533283,aiaonsgt,iso lnicaae,50092Y0YAD,MS Advanced Dance
1813296545,ainntkso,aainarfd m,52552X0YCB,Concert Band
12384354,aiuxseonm,ah tedoinspd,52792Y0YPH,String Philharmonic
1474082,akemlmu,maad,52562X0JS,Jazz Stage
1474082,akemlmu,maad,52585X0YWE,Wind Ensemble
1481759,akmcin,teieclnsi rehae,1A087X0Y,AP Spanish Language and Culture
1481759,akmcin,teieclnsi rehae,52195X0YCE,Chorus Chamber Ensemble
12063240,albbalrozeaa-t,emija,11505X0YS2,Spanish Heritage II Honors
1509544,aleg iobrcroio,lrnxaadase,52185X0YCH,Cantabile
12090628,algagn,argacloeblet na,52425X0YCO,Chamber Orchestra (Proficient)
8782627738,alnriisc,ya-snhd aaahdursseuea,53082Y0YTS,Advanced MS Theatre
8782627738,alnriisc,ya-snhd aaahdursseuea,50092Y0YAD,MS Advanced Dance
12436068,alwl,dncooa ajlbn,52682Y0Y8M,Vocal Music Grade 8 Men's
12041514,amahsit,loicl cnainsa,3A017X0Y,AP Chemistry
12041514,amahsit,loicl cnainsa,52425X0YCO,Chamber Orchestra (Proficient)
1483355,ambrhces,hdalyeexn aa,4A017X0Y,AP European History
12331741,ambrhces,trcovoocb aji,53782Y0IS,Intro to Stagecraft Grade 8
1393741,amdnadool,byiz ltithe,20412X0Y,Alternate Mathematics II
1393741,amdnadool,byiz ltithe,10255X0YF2,Film
12544121,amdnadool,darar anmiiaa,52412X0YSE,String Ensemble
12222378,amthos, ewenoarlcd,52792Y0YPH,String Philharmonic
3355249912,amthos,a ir-tkmmoiligrdi,52792Y0YST,String Technique
12570284,amy,ilhotnalfse i,51092Y0YDE,Middle School Dance Ensemble
12570284,amy,ilhotnalfse i,52792Y0YPH,String Philharmonic
3453937317,an-tuzrgieanna,shjope,52892Y0IB,Cadet Band
12733319,anhninode-argzesta,anlmire,52792Y0YSD,Middle School String Development
12238759,anhninode-argzesta,arbend,52412X0YSE,String Ensemble
1487289,anmn,onloenldl i,3A047X0Y,AP Physics C: Mechanics
12255185,anrldag,iyhtala,52172X0YSO,String Orchestra
12526226,anrmazo,ranjdfoue seno,52412X0YSE,String Ensemble
12526226,anrmazo,ranjdfoue seno,52682Y0Y8M,Vocal Music Grade 8 Men's
12062697,antlriendlhecz-mhe,bnarodn,11505X0YS2,Spanish Heritage II Honors
12329459,anuwvan,eaei ilnsnaur,11035X0Y,French III Honors
12329459,anuwvan,eaei ilnsnaur,52172X0YSO,String Orchestra
12600107,aodlfr,s aydsiehiescdn,51092Y0YDE,Middle School Dance Ensemble
12600107,aodlfr,s aydsiehiescdn,52682Y0Y8W,Vocal Music Grade 8 Women's
12488913,aofvr,ratylyjoo ,52412X0YSE,String Ensemble
6976881794,aomgznedaclp aol,aradlaesns,52792Y0YST,String Technique
12382945,aonmrm,att asnaaetnonie,52162X0YCC,Concert Chorus
12260623,aosjr,h eotcneg,52425X0YCO,Chamber Orchestra (Proficient)
12059892,aosjr,oseol nbrahret,WB092X0,CTE Advanced and Adobe Digital
12059892,aosjr,oseol nbrahret,TS315X0Y,Game Art Design Honors
9149584472,aosudgl,ritec nlfeyii,3A017X0Y,AP Chemistry
9149584472,aosudgl,ritec nlfeyii,53635X0YTD,Theatre Design and Production
9149584472,aosudgl,ritec nlfeyii,53635X0YS2,Theatre Studio II
12223599,aotv-ragsasns,cocn omfnesisaior,52172X0YBE,Bass Ensemble
9345944192,apece,ynsedyl,52692Y078W,Chorus Grade 6-8 Beg Women's
1478997,aprdirch,amaeesrjdw n,TS322X0YG2,Advanced Game Art Design
12710127,arbbour,ohieielelnm clcar,52892Y0IB,Cadet Band
12345547,arellsbw,leicoai vgari,52162X0YCC,Concert Chorus
1566381525,arnebs,alerenee tmljasvse ,52195X0YCE,Chorus Chamber Ensemble
12343313,arnebs,inem pspeoir,11035X0Y,French III Honors
12343313,arnebs,inem pspeoir,52792Y0YPH,String Philharmonic
12378848,aro igaatainsgc,esiorxm laia,52672Y0Y7M,Vocal Music Grade 7 Men's
12269205,arrbrela-lsooza,cag renaeleilmna,54612X0YB3,Beginning 3D
1494055,arrpke,cileea,52552X0YCB,Concert Band
1494055,arrpke,cileea,52552X0YSB,Symphonic Band
9355419,arrpke,hidlnysano ea,52185X0YCH,Cantabile
9355419,arrpke,hidlnysano ea,10322X0Y2,Yearbook Journalism
1482337,arrpke,numehle laumitc,51285X0YCD,Dance Company
12049310,arrpke,yminlejae ,10325X0YNJ,Newspaper Journalism
12049310,arrpke,yminlejae ,10322X0Y2,Yearbook Journalism
12210142,arveict,ecn nheajess,52172X0YBE,Bass Ensemble
8553386635,arveict,i snkyaln,52892Y0IB,Cadet Band
1987558,aryg,eam axld,10255X0YF2,Film
12360657,aryg,eeml lauhkic,52162X0YCC,Concert Chorus
12329770,asanvsaotrg s,nelag,96102Y0CSS,Study Skills 7th
12536893,asanvsaotrg s,sjleony,96102Y0CSS,Study Skills 7th
12536893,asanvsaotrg s,sjleony,52682Y0Y8W,Vocal Music Grade 8 Women's
3986134336,asemj,ceihn nldi,53622X0YTL,Theatre Lab
1929140,asilans,daleaeanxr ,52172X0YBE,Bass Ensemble
7685941635,asms,isem rliooin,52692Y078W,Chorus Grade 6-8 Beg Women's
7685941635,asms,isem rliooin,53082Y0,MS Theatre Studio
1490600,asnbie,aeojl nrald,54645X0P4,Supplement to PD 2D
1490600,asnbie,aeojl nrald,53635X0YTD,Theatre Design and Production
12709696,asoieoar-lvml,dleueneramenaamlx ,52892Y0IB,Cadet Band
12523233,asqdmaueseuqdm oo,legsiel,52892Y0WE,MS Wind Ensemble
1971628,asufecr,y rcoemaejhid,53782Y0IS,Intro to Stagecraft Grade 8
1971628,asufecr,y rcoemaejhid,52412X0YSE,String Ensemble
9379431,atlaoijce-,anla,5A017X0Y,AP Music Theory
9379431,atlaoijce-,anla,52585X0YWE,Wind Ensemble
12635209,atu-rtuizrazi,g nlmguileea,52892Y0IB,Cadet Band
12635209,atu-rtuizrazi,g nlmguileea,10382X0YRW,ESL High
12537481,ausg,asonnnre icad amols,52792Y0YPH,String Philharmonic
12203046,ausg,eal klnaldyle,52172X0YSO,String Orchestra
1379364,av-ioselrrfre, iatlirslacrye,20402X0Y,Alternate Mathematics
12534483,avakzitnredh,lnaeonvium payyl,52892Y0IB,Cadet Band
12426255,avasr,nmae g unestleahsjtua,52162X0YCC,Concert Chorus
1479342,avnnedi,nljanhayse ,54175X0YPD,3D Advance (Martinez)
3759572278,avza tsecrrola,ral radcaemo,52162X0YCC,Concert Chorus
3759572278,avza tsecrrola,ral radcaemo,10382X0YRW,ESL High
12453252,ayao lsaarj,aanrotontelh abj,51262X0YD,Dance Collective
12303536,aydl,eislm,52552X0YSB,Symphonic Band
12222817,aynpe,aeear lcaimg,53622X0YTL,Theatre Lab
1892514613,ayontlfuer,neouitccyrl oen,52892Y0IB,Cadet Band
5935515962,ayrge,axaadre ntoli,1A087X0Y,AP Spanish Language and Culture
5935515962,ayrge,axaadre ntoli,52425X0YCO,Chamber Orchestra (Proficient)
1556940,azeannd rmnrebah,t njiseu,20402X0Y,Alternate Mathematics
1556940,azeannd rmnrebah,t njiseu,52162X0YCC,Concert Chorus
1474814,azghaeracin-dnre,eunlm eeosuja,54175X0YPD,3D Advance (Martinez)
1474814,azghaeracin-dnre,eunlm eeosuja,48005X0Y,Multicultural Studies Honors
12500296,azvurarllagie a,arnoyshc hdelrpti,52682Y0Y8M,Vocal Music Grade 8 Men's
12191104,baal,lanatei,52552X0YSB,Symphonic Band
12599022,baedrfli,losainymn e,50092Y0YAD,MS Advanced Dance
12599022,baedrfli,losainymn e,53082Y0,MS Theatre Studio
12343152,bcela,nectealb aan,51285X0YCD,Dance Company
8663270,bean, akiheiliarax,20402X0Y,Alternate Mathematics
5984957574,beerngrlie,okatn rae,52162X0YCC,Concert Chorus
1485817,berebt,onsaa dallnhik,3A047X0Y,AP Physics C: Mechanics
1485817,berebt,onsaa dallnhik,52425X0YCO,Chamber Orchestra (Proficient)
12600363,bersotc, rlseoanyadmk,51092Y0YDE,Middle School Dance Ensemble
12600363,bersotc, rlseoanyadmk,52682Y0Y8W,Vocal Music Grade 8 Women's
12213824,bilkocn,lyaplaao l,10325X0YNJ,Newspaper Journalism
12569639,bisursacara,zreadannamrh iesd,52792Y0YST,String Technique
12054686,bldyrea,leena,51262X0YD,Dance Collective
2269669681,blnggaim,eemricmlaa rla,52792Y0YST,String Technique
8589648613,bnastakc,myuasnh,52892Y0IB,Cadet Band
12337552,bnnrzmeehdna-ara,jrlnoaeca ,52682Y0Y8M,Vocal Music Grade 8 Men's
12550813,bnrsazkise,rua aenijyl,56092Y0YGF,Guitar Fundamentals
1784827622,bsei,t hriaeeuxvrn,53082Y0YTS,Advanced MS Theatre
12087300,bseos,bellneea ccearid,52185X0YCH,Cantabile
1469017,btulnia,olr njootaeyjh,3A047X0Y,AP Physics C: Mechanics
1469017,btulnia,olr njootaeyjh,2A037X0Y,AP Statistics
1469017,btulnia,olr njootaeyjh,52585X0YJ,Jazz Combo
12536270,c-reuogolaarn,iranaa,52892Y0WE,MS Wind Ensemble
12516374,cahu,bcsmno irysalsugg uaa,52892Y0WE,MS Wind Ensemble
12178627,cahu,myn cgumgjoau brasase,TS322X0YG2,Advanced Game Art Design
12343199,carnsol, eceiahmlshra,54612X0YB3,Beginning 3D
1496340,carnsol,endtor araip,4A017X0Y,AP European History
1496340,carnsol,endtor araip,2A037X0Y,AP Statistics
1496340,carnsol,endtor araip,TS322X0YG2,Advanced Game Art Design
1479633,cbraesra, nienbalrniggivuar tea,5A007X0Y,AP Art History
1479633,cbraesra, nienbalrniggivuar tea,2A037X0Y,AP Statistics
1479633,cbraesra, nienbalrniggivuar tea,52195X0YCE,Chorus Chamber Ensemble
12221947,cbsuh,aeamgcemr ,52172X0YSO,String Orchestra
12056829,cbsuh,nsitti caanohrn,53622X0YTS,Theatre Studio I
12056829,cbsuh,nsitti caanohrn,52585X0YWE,Wind Ensemble
1548508,cctrnyeam,kenysikrta se,52185X0YGE,Guitar Ensemble
1548508,cctrnyeam,kenysikrta se,48005X0Y,Multicultural Studies Honors
4243498644,ceraasm,aomllecr,56092Y0YGF,Guitar Fundamentals
7346358953,ceraasm,vliocaiciunoid ,3A017X0Y,AP Chemistry
7346358953,ceraasm,vliocaiciunoid ,52172X0YSO,String Orchestra
12202686,cerma, alchieinoltmaca-tne,52552X0YCB,Concert Band
7873224694,cerma,aeijma,52672Y0Y7W,Vocal Music Grade 7 Women's
2514813638,cg ihorodoemro,caadai,52692Y078W,Chorus Grade 6-8 Beg Women's
12533181,cgnnidodtu,mncens aisdrsoaa,53082Y0YTS,Advanced MS Theatre
12533181,cgnnidodtu,mncens aisdrsoaa,10262Y0YW8,Grade 8 Creative Writing
1468480,cindleaf, teaasgehebmlin,11035X0Y,French III Honors
12224218,ciraga,adarnia,52425X0YCO,Chamber Orchestra (Proficient)
12039847,ciraga,caszrsaniid eh shacaaue,54612X0YAS,Visual Art Survey
12330621,ciraga,s nijunvtecitn,96102Y0YLS,Learning Strategies 8th
1482225,cititkhw,aaznaroitpe n,54175X0YPD,3D Advance (Martinez)
1482225,cititkhw,aaznaroitpe n,52425X0YCO,Chamber Orchestra (Proficient)
12583038,cnpedola,yqahm aajl,50092Y0YAD,MS Advanced Dance
12583038,cnpedola,yqahm aajl,52682Y0Y8W,Vocal Music Grade 8 Women's
8523462651,coaor-tssmt,iyc umuatargnsna,52672Y0Y7W,Vocal Music Grade 7 Women's
12224320,cokwma,e tylenkriean,52185X0YCH,Cantabile
4712842725,cole,loirlecc nearea,1A087X0Y,AP Spanish Language and Culture
9241969423,cole,uhrnatri hnletaa,52552X0YSB,Symphonic Band
12694071,comdldna,toyysa net,52892Y0IB,Cadet Band
12519185,crpiee,aeejiamasihh ir,52892Y0IB,Cadet Band
12519185,crpiee,aeejiamasihh ir,52682Y0Y8M,Vocal Music Grade 8 Men's
12736844,crpiee,nheale atibomr-ceunevnz,52792Y0YST,String Technique
1726067,crpiee,retnvrcte ieaieit,52185X0YCH,Cantabile
1726067,crpiee,retnvrcte ieaieit,48005X0Y,Multicultural Studies Honors
12436460,crpiee,ylmoaqukeni a,51092Y0YDE,Middle School Dance Ensemble
12436460,crpiee,ylmoaqukeni a,52682Y0Y8W,Vocal Music Grade 8 Women's
12186676,csor becelnlosaaats,jaetf,52552X0YSB,Symphonic Band
12435248,csrtutoohrae d,ajnhatno,52792Y0YST,String Technique
12044304,ctiotic,onjp nsiakltehyee,52185X0YCH,Cantabile
12090037,cucho,nheaaklyaic m,52185X0YCH,Cantabile
12090037,cucho,nheaaklyaic m,51285X0YCD,Dance Company
12396688,cwateyarooarnv-r,lellcnilaiy na,11045X0Y,French IV Honors
12396688,cwateyarooarnv-r,lellcnilaiy na,52585X0YWE,Wind Ensemble
1485499,cykma,rsaia aair,20402X0Y,Alternate Mathematics
1384217673,dac-uevarhmogaa,o ddlainaayne,52412X0YSE,String Ensemble
12688397,dahmenn-dzrzoaene,zhlti enlyel,52892Y0IB,Cadet Band
1469558,dais,aenhs,3A047X0Y,AP Physics C: Mechanics
1469558,dais,aenhs,2A037X0Y,AP Statistics
1469558,dais,aenhs,WB092X0,CTE Advanced and Adobe Digital
12232498,daoudoslbca-man,atleaila afnoib,54612X0YB3,Beginning 3D
12189780,dare,lra ayana,52552X0YSB,Symphonic Band
12557058,daye,canarrain aih,53082Y0YTS,Advanced MS Theatre
12557058,daye,canarrain aih,50092Y0YAD,MS Advanced Dance
12557058,daye,canarrain aih,52682Y0Y8W,Vocal Music Grade 8 Women's
12272103,dbaarhlcn,rletcah nay,54612X0YB3,Beginning 3D
1950979,dcenaa hiegnzrar,gmiuaep ulaaard,52162X0YCC,Concert Chorus
1950979,dcenaa hiegnzrar,gmiuaep ulaaard,51252X0YDF,Dance Fundamentals
1469550,dcmoael,cnln yerailh,48005X0Y,Multicultural Studies Honors
1469550,dcmoael,cnln yerailh,30205X0Y,Science Local Elective Honors
1516762,ddki,armjea aaqlsmu,52552X0YCB,Concert Band
12343668,dduj,kataaenalotaymnti ,52412X0YSE,String Ensemble
12506680,de azs es-dunrhejen ,ujioy ntsnntha,52892Y0IB,Cadet Band
12506680,de azs es-dunrhejen ,ujioy ntsnntha,96102Y0CSS,Study Skills 7th
12112628,de-orlandjnra,lovd seroiah,51262X0YD,Dance Collective
12112628,de-orlandjnra,lovd seroiah,10322X0Y2,Yearbook Journalism
12675062,deeui nszrobir,kalli,52672Y0Y7M,Vocal Music Grade 7 Men's
1559193,dela,a naijusmeyredq,WB092X0,CTE Advanced and Adobe Digital
1559193,dela,a naijusmeyredq,10255X0YF2,Film
12209984,demah, adaassididiq,52172X0YBE,Bass Ensemble
1393847,demah,erzhma,3A047X0Y,AP Physics C: Mechanics
1393847,demah,erzhma,2A037X0Y,AP Statistics
1393847,demah,erzhma,52172X0YSO,String Orchestra
1394192,deocm,llztsae ,1A037X0Y,AP French Language and Culture
1394192,deocm,llztsae ,2A037X0Y,AP Statistics
1394192,deocm,llztsae ,48005X0Y,Multicultural Studies Honors
1394192,deocm,llztsae ,10325X0YNJ,Newspaper Journalism
1482967,dere,ayaan,48005X0Y,Multicultural Studies Honors
1865602,deruiugrrgrzroeo-e,anydl,11035X0Y,French III Honors
1865602,deruiugrrgrzroeo-e,anydl,52172X0YSO,String Orchestra
1472992,dhlero,gyeanln we,5A007X0Y,AP Art History
1472992,dhlero,gyeanln we,2A037X0Y,AP Statistics
1472992,dhlero,gyeanln we,52195X0YCE,Chorus Chamber Ensemble
1472992,dhlero,gyeanln we,53635X0YS2,Theatre Studio II
4551432717,dhsaemtpe,hajlo ugsodn,5A017X0Y,AP Music Theory
4551432717,dhsaemtpe,hajlo ugsodn,52562X0JS,Jazz Stage
12352062,disnen,ierisr utcnka,52552X0YCB,Concert Band
1479601,diza,clahbtezsisej i,11045X0Y,French IV Honors
1479601,diza,clahbtezsisej i,54645X0P4,Supplement to PD 2D
4639829612,diza,eze noinlbecdi,52185X0YAG,Advanced Guitar
9329248,dj-eugruorzaidqai,eshler deios,51252X0YDF,Dance Fundamentals
12064182,dkare,yeeanlsnnin k,3A017X0Y,AP Chemistry
4749946729,dlweald,ax nethdeenrplaes,52892Y0IB,Cadet Band
4749946729,dlweald,ax nethdeenrplaes,96102Y0YLS,Learning Strategies 8th
12335923,dnae,eubyrleie olsal,52172X0YSO,String Orchestra
9243756273,dniene,armsemyang a,52792Y0YST,String Technique
6987473382,dniene,rn ynaykl,11035X0Y,French III Honors
1492325,doailhg,rsngldiani ai,51262X0YD,Dance Collective
12051780,dodnaamar,uarrarampe anv,3A017X0Y,AP Chemistry
12051780,dodnaamar,uarrarampe anv,4A017X0Y,AP European History
12051780,dodnaamar,uarrarampe anv,2A037X0Y,AP Statistics
12051780,dodnaamar,uarrarampe anv,TS315X0Y,Game Art Design Honors
12557993,doerrcan,rb nneglnaaebi ehs,52892Y0IB,Cadet Band
12557993,doerrcan,rb nneglnaaebi ehs,52892Y0WE,MS Wind Ensemble
12195915,dogubre,vx aahjriieas,52552X0YSB,Symphonic Band
2738636659,doows,m aaaie'anj,52892Y0IB,Cadet Band
12381857,dorsey, hsicahsicrtnhirre,10262Y0YW8,Grade 8 Creative Writing
12381857,dorsey, hsicahsicrtnhirre,51092Y0YDE,Middle School Dance Ensemble
12651292,dushno,ejneutmaiyln ci,5A027X0Y,AP Studio Art: 2-D Design
12651292,dushno,ejneutmaiyln ci,48005X0Y,Multicultural Studies Honors
12219008,e-doanfsgnzaforre,avddi,52172X0YSO,String Orchestra
1472366,e-lozeemaprrs,yaaalrzeabrm e,11505X0YS2,Spanish Heritage II Honors
1472366,e-lozeemaprrs,yaaalrzeabrm e,52172X0YSO,String Orchestra
1472366,e-lozeemaprrs,yaaalrzeabrm e,52792Y0YPH,String Philharmonic
12732277,eaelzgob-znnou,rnaade,52792Y0YST,String Technique
12553209,eafrirz,yernerde a,50092Y0YAD,MS Advanced Dance
12553209,eafrirz,yernerde a,52412X0YSE,String Ensemble
12251802,eagrf, aeikyaursol,52195X0YCE,Chorus Chamber Ensemble
12380629,eagrf,oa nliilyjl,52172X0YSO,String Orchestra
12099232,ealdhnnmel,i nseeydala,52585X0YWE,Wind Ensemble
2176212533,ealgn, syaimeernh,52892Y0WE,MS Wind Ensemble
1493567,ealk,eiehal j,52185X0YAG,Advanced Guitar
1493567,ealk,eiehal j,48005X0Y,Multicultural Studies Honors
1493567,ealk,eiehal j,54175X0YP3,Portfolio Development 2D (Watson)
12086373,ealsslw,a lncmhoihea,54175X0YPD,3D Advance (Martinez)
12086373,ealsslw,a lncmhoihea,5A007X0Y,AP Art History
12050815,eamllnf,ieee larmna,52172X0YSO,String Orchestra
1934734543,eanhg,anymcr,52672Y0Y7W,Vocal Music Grade 7 Women's
8281588624,easltryt,lodn eaolnc,52162X0YCC,Concert Chorus
12435295,eau rheofngidznear,efandarn,53082Y0,MS Theatre Studio
12435295,eau rheofngidznear,efandarn,51092Y0YDE,Middle School Dance Ensemble
12698218,eblraedhuam,ube nitaenmrn il,52672Y0Y7W,Vocal Music Grade 7 Women's
12302277,ebtayrl,sohdjk lenly'an,10322X0Y2,Yearbook Journalism
12053953,ec-llodosaremnar,cl aidaerlnso,52185X0YAG,Advanced Guitar
12053953,ec-llodosaremnar,cl aidaerlnso,52562X0JS,Jazz Stage
12055969,ecnhmoa,i vidhdrnasaro,52172X0YBE,Bass Ensemble
12055969,ecnhmoa,i vidhdrnasaro,52172X0YGS,Guitar Styles
12041432,ecwhl,nleahrasxldael amr,54175X0YPD,3D Advance (Martinez)
12041432,ecwhl,nleahrasxldael amr,3A017X0Y,AP Chemistry
12041432,ecwhl,nleahrasxldael amr,52585X0YJ,Jazz Combo
12726101,eddpe,eiaihdoimml ccn,52792Y0YST,String Technique
12086445,eddpe,mtyn ahosar,52172X0YSO,String Orchestra
12086445,eddpe,mtyn ahosar,54612X0YAS,Visual Art Survey
12725135,edinikl,yeaayj nd,52672Y0Y7W,Vocal Music Grade 7 Women's
12219949,eekw,iscabho a,52185X0YGE,Guitar Ensemble
12195003,eelak,tedsihuda,96102Y0YLS,Learning Strategies 8th
12211700,eeruaqs,babrk raa,52162X0YCC,Concert Chorus
1475731,eevwar,e onolriavnito,52425X0YCO,Chamber Orchestra (Proficient)
1475731,eevwar,e onolriavnito,10325X0YNJ,Newspaper Journalism
12047440,egap,leyibsushe lo,52185X0YCH,Cantabile
12069266,egerr,iaxnealreljad u,10322X0Y2,Yearbook Journalism
1486106,eggrroy,lisebmaale ia,3A047X0Y,AP Physics C: Mechanics
1486106,eggrroy,lisebmaale ia,30205X0Y,Science Local Elective Honors
1486106,eggrroy,lisebmaale ia,53635X0YTD,Theatre Design and Production
12203508,egnlnoist,eaxl arneddwra,52585X0YWE,Wind Ensemble
1477697,egnlnoist,usomae lemi,5A027X0Y,AP Studio Art: 2-D Design
1477697,egnlnoist,usomae lemi,54175X0YP3,Portfolio Development 2D (Watson)
12637245,egran zioczaalg,neikv,52692Y078M,Chorus Grade 6-8 Beg Men's
12251985,eidnla,eolch,53622X0YTL,Theatre Lab
12202977,einzraees,laibgai,51262X0YD,Dance Collective
1481967,eiumrcg,aai pnuinnrtq,54175X0YPD,3D Advance (Martinez)
1481967,eiumrcg,aai pnuinnrtq,5A037X0Y,AP Studio Art: 3-D Design
1481967,eiumrcg,aai pnuinnrtq,48005X0Y,Multicultural Studies Honors
12734978,ejapl,rlbiajaelno a,52672Y0Y7W,Vocal Music Grade 7 Women's
12253574,ekifkenc, ainnlauj,56092Y0YGF,Guitar Fundamentals
12253574,ekifkenc, ainnlauj,52172X0YSO,String Orchestra
12097227,elah,rtia ski ainltnery,54612X0YB3,Beginning 3D
12224376,elbcplam, azwydzannmj,52552X0YCB,Concert Band
8145362164,elbcplam, mcaniaeerol,51262X0YD,Dance Collective
12230548,elesa,ediros lilje,52892Y0IB,Cadet Band
1483293,ellis,yenlisa idna,52585X0YWE,Wind Ensemble
9699227842,elmsonp,ehsoe eritdrm,52672Y0Y7W,Vocal Music Grade 7 Women's
12528400,elobj,r vfcitoatiaih,10262Y0YW8,Grade 8 Creative Writing
12528400,elobj,r vfcitoatiaih,51092Y0YDE,Middle School Dance Ensemble
12528400,elobj,r vfcitoatiaih,96102Y0CSS,Study Skills 7th
1480965,elpl zrmoluio,zguelan,54175X0YPD,3D Advance (Martinez)
1480965,elpl zrmoluio,zguelan,5A027X0Y,AP Studio Art: 2-D Design
1480965,elpl zrmoluio,zguelan,54175X0YP3,Portfolio Development 2D (Watson)
12379002,emjeaeintrtzd-a,lsyaeh,51092Y0YDE,Middle School Dance Ensemble
12379002,emjeaeintrtzd-a,lsyaeh,52682Y0Y8W,Vocal Music Grade 8 Women's
12101196,emnemausrs-b,amj ileanelbnn,3A017X0Y,AP Chemistry
12101196,emnemausrs-b,amj ileanelbnn,52195X0YCE,Chorus Chamber Ensemble
12544248,emsraacadll,mmoim,52412X0YSE,String Ensemble
12502359,emzogeo zlp,essaiml,52892Y0WE,MS Wind Ensemble
12502359,emzogeo zlp,essaiml,52682Y0Y8W,Vocal Music Grade 8 Women's
12059181,emzsgao ltirareau,taeihnrce,3A017X0Y,AP Chemistry
12059181,emzsgao ltirareau,taeihnrce,52185X0YCH,Cantabile
12059181,emzsgao ltirareau,taeihnrce,11505X0YS2,Spanish Heritage II Honors
12059181,emzsgao ltirareau,taeihnrce,52172X0YSO,String Orchestra
12086754,eniuaulaglvvriala,egydplahualsua e,51252X0YDF,Dance Fundamentals
12086754,eniuaulaglvvriala,egydplahualsua e,52412X0YSE,String Ensemble
4226354591,ennlccmro,sc miiflraaniwl,52552X0YCB,Concert Band
4226354591,ennlccmro,sc miiflraaniwl,52562X0JS,Jazz Stage
1470312,enolyc,al honiejksih,52185X0YGE,Guitar Ensemble
1470312,enolyc,al honiejksih,52585X0YWE,Wind Ensemble
2164513428,eoegzvalam r,iliebinsyse ,52682Y0Y8W,Vocal Music Grade 8 Women's
12338599,eonmg-nmzodae, aheizbaehelnectirt,52412X0YSE,String Ensemble
12045613,eontprse, latnqnaniiu,3A017X0Y,AP Chemistry
12045613,eontprse, latnqnaniiu,TS315X0Y,Game Art Design Honors
12574378,eonuval,aixlytl,52692Y078W,Chorus Grade 6-8 Beg Women's
12069231,eortenhv,ac jmheaarysz,11035X0Y,French III Honors
12576273,eortenhv,na keaxlaearyd,53082Y0YTS,Advanced MS Theatre
12195378,eoznbuazilvqa-l,nrenraae ifijm,52185X0YCH,Cantabile
12195378,eoznbuazilvqa-l,nrenraae ifijm,53622X0YTL,Theatre Lab
12224302,epb-arrmeag,idro irddavca,10382X0YRW,ESL High
1504124,epyrmhhu,osa mzleyin,52185X0YCH,Cantabile
12355664,epz-jenazmi,lesile,52162X0YCC,Concert Chorus
12412759,er-sdiltuepno,eniroh piclv,52412X0YSE,String Ensemble
7361415539,erafpot,nv jcaicudnu,11045X0Y,French IV Honors
12112597,eraotstnp,ta ikhesa,53622X0YTS,Theatre Studio I
12336153,erbael,aa lenuabczcna,51252X0YDF,Dance Fundamentals
6275929642,eredwi,eslneoichto avcbh,10325X0YNJ,Newspaper Journalism
1503738,erfenanz-aedozmdn,ate hilryedh,54175X0YPD,3D Advance (Martinez)
1503738,erfenanz-aedozmdn,ate hilryedh,48005X0Y,Multicultural Studies Honors
9795369377,erharvte, aneislergra,54175X0YPD,3D Advance (Martinez)
9795369377,erharvte, aneislergra,3A047X0Y,AP Physics C: Mechanics
12099147,ericajblua-aorrzdg,sgief oaain,52792Y0YPH,String Philharmonic
1482151,erlnodoodomrs-a,ashni trcnamiio,11505X0YS2,Spanish Heritage II Honors
1482151,erlnodoodomrs-a,ashni trcnamiio,53635X0YTD,Theatre Design and Production
1530842,eropzar-lrace,rch lellaesaehy,52172X0YGS,Guitar Styles
12377856,erorsg, enicemokmahr,52552X0YCB,Concert Band
12377856,erorsg, enicemokmahr,56092Y0YGF,Guitar Fundamentals
12564595,erorsg,ahcangerc vues,52892Y0WE,MS Wind Ensemble
12344732,erorsg,ajiaaakalhr ad,52162X0YCC,Concert Chorus
12555248,ersco,ml iinuace,56092Y0YGF,Guitar Fundamentals
12555248,ersco,ml iinuace,53782Y0IS,Intro to Stagecraft Grade 8
1928942,ertatrg,adleyieea xsikbraealma da nhhnl,52412X0YSE,String Ensemble
3659793264,ertatrg,auleibrelilcl ,1A087X0Y,AP Spanish Language and Culture
3659793264,ertatrg,auleibrelilcl ,54612X0YB3,Beginning 3D
12273556,ertrtste,eadadcela oimnn,53622X0YTS,Theatre Studio I
12669782,erugdosri,h aransna,52792Y0YST,String Technique
9418030,eryrt, ygilkaneesa,52185X0YCH,Cantabile
9418030,eryrt, ygilkaneesa,53622X0YTL,Theatre Lab
6699116932,esgreorbn,darewrsa h,52185X0YGE,Guitar Ensemble
6699116932,esgreorbn,darewrsa h,52552X0YSB,Symphonic Band
2313675343,esgreorbn,lleacel eci,1A087X0Y,AP Spanish Language and Culture
2313675343,esgreorbn,lleacel eci,WB092X0,CTE Advanced and Adobe Digital
2313675343,esgreorbn,lleacel eci,48005X0Y,Multicultural Studies Honors
12733601,eskdsin,gniilynaaleb ,52672Y0Y7W,Vocal Music Grade 7 Women's
12062631,esknj,os omdgrohatn,TS315X0Y,Game Art Design Honors
12691777,essiesr,soc meftnaahso,52892Y0IB,Cadet Band
12133741,etjsgigt,aachk rlysmaai,52172X0YSO,String Orchestra
1481493,etoo-nzlmpyao,cmreiaa,52195X0YCE,Chorus Chamber Ensemble
12509687,etoo-nzlmpyao,zztlei,53082Y0,MS Theatre Studio
12509687,etoo-nzlmpyao,zztlei,52792Y0YPH,String Philharmonic
12211642,eunbl,epyradl reau,52185X0YCH,Cantabile
12570305,eunbl,thesjohoeeop rd,52892Y0WE,MS Wind Ensemble
12570305,eunbl,thesjohoeeop rd,51092Y0YDE,Middle School Dance Ensemble
12557145,eurhyl,aj adesein,53082Y0YTS,Advanced MS Theatre
12557145,eurhyl,aj adesein,52682Y0Y8W,Vocal Music Grade 8 Women's
12255794,eurhyl,lmouj iad,52172X0YBE,Bass Ensemble
12255794,eurhyl,lmouj iad,11045X0Y,French IV Honors
12608172,eyahs,ijasstcki ume,52792Y0YSD,Middle School String Development
12598179,eyahs,jaia iam'dh,10262Y0YW8,Grade 8 Creative Writing
12598179,eyahs,jaia iam'dh,50092Y0YAD,MS Advanced Dance
12598179,eyahs,jaia iam'dh,52682Y0Y8W,Vocal Music Grade 8 Women's
4984167521,eye,t aabroyadnmno,52562X0JS,Jazz Stage
4984167521,eye,t aabroyadnmno,52552X0YSB,Symphonic Band
1927863,eyilrlt,aimozrr aa,52185X0YCH,Cantabile
3686564939,eyiwl,qeuinahainu y,52412X0YSE,String Ensemble
6327594689,eylpe,nlhgeiaaycej ,52792Y0YST,String Technique
12085100,eynnp,heyial,3A017X0Y,AP Chemistry
12693709,ezmgo,ndaerlaxa,52792Y0YST,String Technique
1812942583,ezoluqoee-rpn,soroa esjuc,52892Y0IB,Cadet Band
12222998,ezrez rupc,sieaxl,54612X0YB3,Beginning 3D
12078169,eztell,lxea,54612X0YB3,Beginning 3D
12178121,faerda-euqnrmozn, usrlrelcoia,54175X0YPD,3D Advance (Martinez)
12178121,faerda-euqnrmozn, usrlrelcoia,11505X0YS2,Spanish Heritage II Honors
12514610,fcrnasi,ma enrslawnhoerko enla,10262Y0YW8,Grade 8 Creative Writing
12605950,fhreetcl,wvadmiiillad ,53082Y0,MS Theatre Studio
12605950,fhreetcl,wvadmiiillad ,96102Y0CSS,Study Skills 7th
12732401,fhreetcl,yamro esjme,52892Y0IB,Cadet Band
12045865,fn-aneesrnzehdu,eema pagonuilduail,54175X0YPD,3D Advance (Martinez)
12045865,fn-aneesrnzehdu,eema pagonuilduail,TS315X0Y,Game Art Design Honors
12601021,fordianr,ierdasmiahny ,52892Y0WE,MS Wind Ensemble
6421585213,fseetsfn, aemgg,56092Y0YGF,Guitar Fundamentals
6421585213,fseetsfn, aemgg,52792Y0YST,String Technique
12357273,fseetsfn,knaocsj,52185X0YGE,Guitar Ensemble
1487816,fsnkar,htaaawlnte m,11035X0Y,French III Honors
1487816,fsnkar,htaaawlnte m,53622X0ATT,Theatre Tech II
9362527,ftrseo,mnalhoaagny ge,20402X0Y,Alternate Mathematics
12140430,fwradcro,naanngr ttjoha,52552X0YCB,Concert Band
12528165,fzran,nah ojlex,53082Y0,MS Theatre Studio
8533496834,gamarh, aenodmiiqtnaou,51252X0YDF,Dance Fundamentals
2662481994,gamarh,wvadmiiillad ,5A017X0Y,AP Music Theory
2662481994,gamarh,wvadmiiillad ,52585X0YJ,Jazz Combo
12113552,ganka,ihalannbesah ,10255X0YF2,Film
12247560,garsroieac-tc,nabry,52172X0YBE,Bass Ensemble
1470043,gcaazreep-ri,sslanvnoju iey,54645X0P4,Supplement to PD 2D
1189247291,gchoo,mgiaiiab al,52162X0YCC,Concert Chorus
1189247291,gchoo,mgiaiiab al,11035X0Y,French III Honors
1531312,gdrrsuge-oizraue, esiqnireluu,52552X0YCB,Concert Band
1531312,gdrrsuge-oizraue, esiqnireluu,11505X0YS2,Spanish Heritage II Honors
1531312,gdrrsuge-oizraue, esiqnireluu,52792Y0YPH,String Philharmonic
12097953,ghbsreanue,eabnlel eeitlhz,2A037X0Y,AP Statistics
12097953,ghbsreanue,eabnlel eeitlhz,11045X0Y,French IV Honors
12048055,gkin,ehtaan vseam,52185X0YCH,Cantabile
1566284465,gkin,eu sicdalilodnl,52682Y0Y8W,Vocal Music Grade 8 Women's
12068545,gkin,ilirnma ahors,53635X0YTD,Theatre Design and Production
12264050,gkin,lie chnaaosly,54612X0YB3,Beginning 3D
1471248267,gkin,neantaur hsnskeia,1A087X0Y,AP Spanish Language and Culture
1471248267,gkin,neantaur hsnskeia,2A037X0Y,AP Statistics
1471248267,gkin,neantaur hsnskeia,48005X0Y,Multicultural Studies Honors
12612556,glaans,evnnodgbjau e,52792Y0YPH,String Philharmonic
6157593318,gmaaob,e erdleanhxatwmat,52892Y0YBB,Beginning Band
12693576,gmdzeoam-zuoi, niaariadalulv,52892Y0IB,Cadet Band
12697082,gneuny,h aesuaesmrl,52672Y0Y7M,Vocal Music Grade 7 Men's
1496555,gneuny,nalaheg kyeo,54645X0P4,Supplement to PD 2D
1398071,gneuny,newrad,4A017X0Y,AP European History
6827644987,gnigre,sanug ng uhuouassjt,52185X0YAG,Advanced Guitar
6827644987,gnigre,sanug ng uhuouassjt,10262Y0YW8,Grade 8 Creative Writing
12293314,goeav,aanrr denaiondf,52185X0YAG,Advanced Guitar
12293314,goeav,aanrr denaiondf,54612X0YB3,Beginning 3D
12542706,goniug, ardeiinnsfca,52892Y0YBB,Beginning Band
12542706,goniug, ardeiinnsfca,53782Y0IS,Intro to Stagecraft Grade 8
12542706,goniug, ardeiinnsfca,52892Y0WE,MS Wind Ensemble
12122820,gorlnzjaz e,oesw dlojaos,11505X0YS2,Spanish Heritage II Honors
12122820,gorlnzjaz e,oesw dlojaos,52412X0YSE,String Ensemble
1467786,granais,iyy dcleanyn,4A017X0Y,AP European History
1467786,granais,iyy dcleanyn,5A027X0Y,AP Studio Art: 2-D Design
1467786,granais,iyy dcleanyn,54175X0YP3,Portfolio Development 2D (Watson)
12048038,gsaidrnpa,cl arvnayo,54612X0YB3,Beginning 3D
12048038,gsaidrnpa,cl arvnayo,WB092X0,CTE Advanced and Adobe Digital
12723532,gsaidrnpa,rtaghrtgi noerna,52672Y0Y7W,Vocal Music Grade 7 Women's
3117468242,gsos,iiemlerak ae,53622X0YTS,Theatre Studio I
1474257372,gtrhwi,ahyrkija,20402X0Y,Alternate Mathematics
12299203,gtrhwi,ddrwb eretroa,52172X0YGS,Guitar Styles
12416277,gtrhwi,kil oveavddn,96102Y0CSS,Study Skills 7th
12416277,gtrhwi,kil oveavddn,52682Y0Y8M,Vocal Music Grade 8 Men's
12700169,guiaizr cra,rnaade,52672Y0Y7W,Vocal Music Grade 7 Women's
12696271,guphn,ugnenf enieryjn,TS315X0Y,Game Art Design Honors
12696271,guphn,ugnenf enieryjn,48005X0Y,Multicultural Studies Honors
1472435,gzezloan,niaepaktrea lr,52195X0YCE,Chorus Chamber Ensemble
12104632,ha,ojbaauiatuiq lanlnn-pl,52552X0YCB,Concert Band
12572535,hartnanm, resvarmya,52892Y0WE,MS Wind Ensemble
9337532395,hassl,alk heaecnimem,52792Y0YPH,String Philharmonic
12090636,hayel,taannma regr,3A017X0Y,AP Chemistry
12507401,hdoge,np yvnlglnataicsk oiyaolh,52412X0YSE,String Ensemble
12559146,henay,aoacnrinaein lh,52195X0YCE,Chorus Chamber Ensemble
12559146,henay,aoacnrinaein lh,11035X0Y,French III Honors
12559146,henay,aoacnrinaein lh,52185X0YGE,Guitar Ensemble
1482610,hgumufl,ellaeei sm,52562X0JS,Jazz Stage
1482610,hgumufl,ellaeei sm,52585X0YWE,Wind Ensemble
2328624677,hidtyraiv,harjsaiin ni,3A047X0Y,AP Physics C: Mechanics
2328624677,hidtyraiv,harjsaiin ni,1A087X0Y,AP Spanish Language and Culture
2328624677,hidtyraiv,harjsaiin ni,WB092X0,CTE Advanced and Adobe Digital
5798783596,hidtyraiv,vsanj aedy,52185X0YAG,Advanced Guitar
5798783596,hidtyraiv,vsanj aedy,52562X0JS,Jazz Stage
12047098,hindra,acmioeolgi ,52172X0YSO,String Orchestra
12247439,hmsti,aeiainhhbclntnz eg,52195X0YCE,Chorus Chamber Ensemble
1501007,hmsti,ajielli o,2A037X0Y,AP Statistics
12331237,hmsti,aloigprkca tn,52162X0YCC,Concert Chorus
12427483,hmsti,axe oramaj,52412X0YSE,String Ensemble
12384359,hmsti,gin tiiksnsaerse,52162X0YCC,Concert Chorus
12384359,hmsti,gin tiiksnsaerse,52412X0YSE,String Ensemble
106803,hmsti,iadh atscmrisionn,TS315X0Y,Game Art Design Honors
12577103,hmsti,ratpspr ktihesehno,56092Y0YGF,Guitar Fundamentals
12110995,hmsti,t haeelclhinmayi,52185X0YCH,Cantabile
1928896,hmsti,uasq uinoicnaem,52172X0YSO,String Orchestra
1928896,hmsti,uasq uinoicnaem,53622X0YTL,Theatre Lab
12594860,hmsti,yusoi pomerecktn,52682Y0Y8M,Vocal Music Grade 8 Men's
1480764,hnodralel, aenyvalei,52195X0YCE,Chorus Chamber Ensemble
1480764,hnodralel, aenyvalei,54175X0YP3,Portfolio Development 2D (Watson)
12620889,hnokesdcrni,anglu ihtume,3A017X0Y,AP Chemistry
12620889,hnokesdcrni,anglu ihtume,52195X0YCE,Chorus Chamber Ensemble
12620889,hnokesdcrni,anglu ihtume,53635X0YTD,Theatre Design and Production
12620889,hnokesdcrni,anglu ihtume,53635X0YS2,Theatre Studio II
12271051,hnokesdcrni,marellaie ,4A017X0Y,AP European History
12271051,hnokesdcrni,marellaie ,52185X0YGE,Guitar Ensemble
12271051,hnokesdcrni,marellaie ,53622X0ATT,Theatre Tech II
12268393,hodwucyrh,imnekinm dtabua,56092Y0YGF,Guitar Fundamentals
12690224,hoemls,ihanyja yeala,52692Y078W,Chorus Grade 6-8 Beg Women's
1951087,hoeptr,cioleanj da,51252X0YDF,Dance Fundamentals
12707988,hormips,ybur otdroeha,52672Y0Y7W,Vocal Music Grade 7 Women's
1502658,hrut,ellncrla iee,54175X0YPD,3D Advance (Martinez)
1502658,hrut,ellncrla iee,2A037X0Y,AP Statistics
1502658,hrut,ellncrla iee,48005X0Y,Multicultural Studies Honors
8649586597,hsrhci,sylaau aanlc,52185X0YCH,Cantabile
12261872,htnoospm,lannbdgee rrn,52552X0YSB,Symphonic Band
12515422,hungc,e nnaicgjsubl,52792Y0YST,String Technique
12733904,hurtf,enbaacj vo,52892Y0IB,Cadet Band
12733904,hurtf,enbaacj vo,52892Y0WE,MS Wind Ensemble
12157097,hvgarare, urlbeyeligabr,51262X0YD,Dance Collective
1382201,hynagame,hladrdoaa jlanma,20412X0Y,Alternate Mathematics II
1928782,i mtrjraenz,arealejxi v,52172X0YSO,String Orchestra
1928782,i mtrjraenz,arealejxi v,52792Y0YPH,String Philharmonic
12044577,i ueoncprob,vna adijdu,11035X0Y,French III Honors
12606889,iamgnclulh,uijam dlarahc,96102Y0YLS,Learning Strategies 8th
12606889,iamgnclulh,uijam dlarahc,52672Y0Y7M,Vocal Music Grade 7 Men's
1912178,ianhnas,sh lima,3A017X0Y,AP Chemistry
1912178,ianhnas,sh lima,WB092X0,CTE Advanced and Adobe Digital
1399255,ianps,sieaxl,52185X0YCH,Cantabile
1522125,iaodonpsanlezr-,seijacs,5A007X0Y,AP Art History
7757376645,iasapgo,rksnsoiolt om jeoh,52792Y0YST,String Technique
1478630,iasrerdaravgno,liceham,20402X0Y,Alternate Mathematics
1529528,iavls,nabry,11505X0YS2,Spanish Heritage II Honors
12228261,ibraar,n julvela,52162X0YCC,Concert Chorus
12702825,icpenr,skaaiat yvaamnhia,52892Y0IB,Cadet Band
7662313743,iecei-igndkrnz, arnidervie,56092Y0YGF,Guitar Fundamentals
12614900,ieougarf,ucmnavteoli r,52892Y0WE,MS Wind Ensemble
12398335,ihillpsp,iee nanl,54612X0YB3,Beginning 3D
12398335,ihillpsp,iee nanl,52162X0YCC,Concert Chorus
12504613,iknrlweos,usuke ljaho,52682Y0Y8M,Vocal Music Grade 8 Men's
12725907,il,aslai,52792Y0YST,String Technique
12709229,ila,liele niregagltboln,52672Y0Y7W,Vocal Music Grade 7 Women's
12603804,ila,tiq neiuemnsl,52552X0YCB,Concert Band
12603804,ila,tiq neiuemnsl,52172X0YGS,Guitar Styles
12546339,iladrdl,ajimnse,10262Y0YW8,Grade 8 Creative Writing
5753445314,ilbeya, adarenmcielwh,52672Y0Y7M,Vocal Music Grade 7 Men's
1478249,ilbeya,oinreytn ticil,10255X0YF2,Film
1478249,ilbeya,oinreytn ticil,52552X0YSB,Symphonic Band
12735538,ilemlr,aimch,52195X0YCE,Chorus Chamber Ensemble
12735538,ilemlr,aimch,52562X0JS,Jazz Stage
12482056,ilemlr,laibgai,52162X0YCC,Concert Chorus
12735532,ilemlr,naal,52552X0YSB,Symphonic Band
5225889964,ilemlr,ondaecod jsiy,52892Y0WE,MS Wind Ensemble
1577493,ilhl, booelwtrlflre,52552X0YCB,Concert Band
1577493,ilhl, booelwtrlflre,52562X0JS,Jazz Stage
6131957789,ilhl,adeilnel,52672Y0Y7W,Vocal Music Grade 7 Women's
12189275,iln rnaohdesezs,dvsirmiroaac ulao,52562X0JS,Jazz Stage
12189275,iln rnaohdesezs,dvsirmiroaac ulao,52552X0YSB,Symphonic Band
12493141,ilnkege,akeln hiorlmyet,52892Y0WE,MS Wind Ensemble
12594355,ilnsheg,ails aeallbei,52185X0YGE,Guitar Ensemble
12594355,ilnsheg,ails aeallbei,52172X0YSO,String Orchestra
12740759,ilswil,aeonn zaeok,52672Y0Y7M,Vocal Music Grade 7 Men's
12582533,ilyleg,isoacsenecl nlegt,10262Y0YW8,Grade 8 Creative Writing
1484986,ilzbdraz, iaeklvaoit,4A017X0Y,AP European History
6255649318,ilzbdraz,ztoahr caxaysn,56092Y0YGF,Guitar Fundamentals
12042189,imraanzaver-,ueajlnqei,3A017X0Y,AP Chemistry
12042189,imraanzaver-,ueajlnqei,11045X0Y,French IV Honors
6468137365,imwegzaeu-,cizkheaya naeeod,52892Y0IB,Cadet Band
1536407,inhcrmdo,islae ajduo,51262X0YD,Dance Collective
12738049,inmwubae,aheyu nnrrt,52585X0YWE,Wind Ensemble
1394217,inonx,rlbaa iig,52185X0YCH,Cantabile
1394217,inonx,rlbaa iig,52585X0YWE,Wind Ensemble
8981831688,inoslcl, eeclnva-aaeeltgon,52892Y0IB,Cadet Band
12192844,intbeo,z leittujoee,52185X0YCH,Cantabile
1475312,iooc-rcgzoraa,no eaaonioldrd,52585X0YWE,Wind Ensemble
1468799,ir-sgoalaznaecezlrz,ilia alehztxe,54645X0P4,Supplement to PD 2D
1468799,ir-sgoalaznaecezlrz,ilia alehztxe,53622X0YTL,Theatre Lab
12045418,iraeva tanpmilnarz,bheiletza,53622X0ATT,Theatre Tech II
12581046,irahkt, aaadnahkahrlp,52792Y0YPH,String Philharmonic
1389118,iramone,ideal ryhenn,52172X0YBE,Bass Ensemble
1389118,iramone,ideal ryhenn,10325X0YNJ,Newspaper Journalism
1484897,iramone,otabhmosnd ,52172X0YBE,Bass Ensemble
12537626,irbgth,l lnaxama,53082Y0YTS,Advanced MS Theatre
12537626,irbgth,l lnaxama,52892Y0WE,MS Wind Ensemble
12725060,irgeeg,n vnaiahsaayna,52892Y0IB,Cadet Band
12725060,irgeeg,n vnaiahsaayna,52692Y078W,Chorus Grade 6-8 Beg Women's
12090127,irlhyes,ebyevtnlyeln e,5A027X0Y,AP Studio Art: 2-D Design
12090127,irlhyes,ebyevtnlyeln e,54175X0YP3,Portfolio Development 2D (Watson)
6919395843,irrcz ouub,nec kberdeamyll,52672Y0Y7W,Vocal Music Grade 7 Women's
12098279,irscfforhntsoe,aoamrlsaal ,54175X0YPD,3D Advance (Martinez)
12098279,irscfforhntsoe,aoamrlsaal ,51262X0YD,Dance Collective
7373126634,irtseagbiari,mantn sorcilai,52552X0YSB,Symphonic Band
1482533,iryle,e oldoykdny,10322X0Y2,Yearbook Journalism
12162430,ismard,lrylmretl ae,TS315X0Y,Game Art Design Honors
12162430,ismard,lrylmretl ae,52412X0YSE,String Ensemble
2381194746,isomntch, rdzoxrrnc eaaialanie,53622X0YTS,Theatre Studio I
12379699,isomntch,eedlaaaonr jxsn,52552X0YSB,Symphonic Band
12100687,isomntch,orac,52185X0YCH,Cantabile
12100687,isomntch,orac,53635X0YTD,Theatre Design and Production
1434219887,isrrah,hideaz,52672Y0Y7W,Vocal Music Grade 7 Women's
1522806,isrrah,j -eadremnierainae,TS322X0YG2,Advanced Game Art Design
1522806,isrrah,j -eadremnierainae,52185X0YCH,Cantabile
12566470,isrrah,plmhb lsilaooip,52562X0JS,Jazz Stage
12234885,isrrah,r agnbiieneo,51262X0YD,Dance Collective
1725969,itbocs,eirk sra,52172X0YSO,String Orchestra
12546054,itdnmeold,ymraaaie aln,52892Y0WE,MS Wind Ensemble
12050808,iteelzl,jwi lmnaulitis,52172X0YGS,Guitar Styles
12228119,itttenns,amsrnaelc roceh,52562X0JS,Jazz Stage
12228119,itttenns,amsrnaelc roceh,52585X0YWE,Wind Ensemble
4196998429,itttenns,urcety iabnhre,52672Y0Y7W,Vocal Music Grade 7 Women's
12348389,iubkr,anda ranyae,52552X0YSB,Symphonic Band
12690061,ivmcker,ejyotadna au,52672Y0Y7W,Vocal Music Grade 7 Women's
12371216,izeaepjmz n,ibzleht,10382Y07,ESL Middle
12371216,izeaepjmz n,ibzleht,52682Y0Y8W,Vocal Music Grade 8 Women's
9821454968,janzhrnaoea cns,iasrl eiyondac,52892Y0IB,Cadet Band
9821454968,janzhrnaoea cns,iasrl eiyondac,51252X0YDF,Dance Fundamentals
12506998,jarzn-ahocanens,aisooc nmrhoel,52892Y0IB,Cadet Band
12506998,jarzn-ahocanens,aisooc nmrhoel,53082Y0,MS Theatre Studio
12687924,jbsroiboial a,irteyesn,52792Y0YST,String Technique
12162772,jein,asbi ahy,52162X0YCC,Concert Chorus
12162772,jein,asbi ahy,51252X0YDF,Dance Fundamentals
1623972,jeisklo,aproocrey ,5A017X0Y,AP Music Theory
1623972,jeisklo,aproocrey ,48005X0Y,Multicultural Studies Honors
1623972,jeisklo,aproocrey ,52585X0YWE,Wind Ensemble
12206359,jocbsa,raara elidnm,53622X0ATT,Theatre Tech II
12421589,joem nacai,raomc,53082Y0,MS Theatre Studio
12421589,joem nacai,raomc,52792Y0YPH,String Philharmonic
12054347,kagillaot,pdsaraisr kar,3A017X0Y,AP Chemistry
12054347,kagillaot,pdsaraisr kar,10325X0YNJ,Newspaper Journalism
12085634,kahswe, elayanjeec,5A007X0Y,AP Art History
12222287,kahswe,olici ntyehwn,52585X0YWE,Wind Ensemble
12048812,kaivr,badnreot ira,52552X0YCB,Concert Band
12048812,kaivr,badnreot ira,53622X0YTS,Theatre Studio I
12201791,karorfe,ahfrei ta,11035X0Y,French III Honors
12201791,karorfe,ahfrei ta,53622X0YTS,Theatre Studio I
12601298,karorfe,c sobtaomhja,53082Y0YTS,Advanced MS Theatre
12601298,karorfe,c sobtaomhja,52892Y0IB,Cadet Band
12381320,kcteru,alvioi,52792Y0YPH,String Philharmonic
4362539417,kelwy,i aeandleemrleno,52692Y078W,Chorus Grade 6-8 Beg Women's
4643819499,kgrreee,mlaon ianai,56092Y0YGF,Guitar Fundamentals
4643819499,kgrreee,mlaon ianai,51092Y0YDE,Middle School Dance Ensemble
8964132416,kictbews,keaa ttty,4A017X0Y,AP European History
8964132416,kictbews,keaa ttty,52195X0YCE,Chorus Chamber Ensemble
8136793557,kipritaztcf, talmeaneuirmnm,52172X0YGS,Guitar Styles
8136793557,kipritaztcf, talmeaneuirmnm,52892Y0WE,MS Wind Ensemble
12352731,kneyicsthlt,yatelletorke a,54612X0YB3,Beginning 3D
12352731,kneyicsthlt,yatelletorke a,52172X0YSO,String Orchestra
12327146,kneyicsthlt,yirle,52892Y0IB,Cadet Band
2131442645,knnae,ntnsa rhloaeiannde,52892Y0WE,MS Wind Ensemble
1482194,krznta, tiazsealhebar,52172X0YSO,String Orchestra
12222864,kshcaeer,vscanta sarrnaaeaa,52185X0YGE,Guitar Ensemble
2246256941,kwarel, eeyreanadis,52672Y0Y7W,Vocal Music Grade 7 Women's
12233309,kwarel, nlivhaaosm,52172X0YBE,Bass Ensemble
12224353,kwarel,zhi amiycaraa,52892Y0IB,Cadet Band
12271419,l oenesuldr ama,prde moeiglu,52195X0YCE,Chorus Chamber Ensemble
12271419,l oenesuldr ama,prde moeiglu,11505X0YS2,Spanish Heritage II Honors
3284268448,l-seiilyppsshk,iog menm,52692Y078W,Chorus Grade 6-8 Beg Women's
12575921,lagaricaraar-unz,nl efrvakaie,52692Y078M,Chorus Grade 6-8 Beg Men's
12692825,laucs,a ockivlieil,52672Y0Y7W,Vocal Music Grade 7 Women's
12063082,laucs,azeeilr kab,51262X0YD,Dance Collective
12063082,laucs,azeeilr kab,52172X0YGS,Guitar Styles
5726828178,lble,irrenaaa-zealai e,52672Y0Y7W,Vocal Music Grade 7 Women's
12154678,ldpenleaazi-md,cnkyi,52162X0YCC,Concert Chorus
12342727,le-alnraeogzmo,nrady,52892Y0IB,Cadet Band
6891982472,leku,rhnt aryunem,52792Y0YST,String Technique
12534522,leodot,naad,52892Y0IB,Cadet Band
1834472245,lesz-czneaoph,ueajlnqei,10382X0YRW,ESL High
12509099,lfwo,ranhnyre y,10262Y0YW8,Grade 8 Creative Writing
12114642,lglpial-ovicraaand,liande,52172X0YBE,Bass Ensemble
12114642,lglpial-ovicraaand,liande,52552X0YCB,Concert Band
12398322,lgno,dws wh rodtwarae,52892Y0IB,Cadet Band
12389112,lgno,esim rhlaa,52792Y0YPH,String Philharmonic
1472378,lgnredi,ndni oaen,48005X0Y,Multicultural Studies Honors
1472378,lgnredi,ndni oaen,53635X0YS2,Theatre Studio II
12696045,lhebrce,acsroiheiea npth,52792Y0YST,String Technique
12110110,liawilsm,acjwkrakl e,20402X0Y,Alternate Mathematics
12700251,liawilsm,erelyosi hsluc,52672Y0Y7W,Vocal Music Grade 7 Women's
1512393,liawilsm,iyej daianna,51285X0YCD,Dance Company
12645896,liawilsm,o aauqaiivnasny,52672Y0Y7W,Vocal Music Grade 7 Women's
1471993,liawilsm,oisnt ylirhuamaacvo,52195X0YCE,Chorus Chamber Ensemble
12724171,liawilsm,relalaa megtr,52792Y0YST,String Technique
1479655,liawilsm,riaama ers,2A037X0Y,AP Statistics
1479655,liawilsm,riaama ers,5A027X0Y,AP Studio Art: 2-D Design
9487564969,liawilsm,sapadh jaio,52162X0YCC,Concert Chorus
12203209,liawilsm,ttinryi,52552X0YCB,Concert Band
7519226824,lienk,rosa lciea,52692Y078W,Chorus Grade 6-8 Beg Women's
12542251,lilen,tazieeahg lebcr,50092Y0YAD,MS Advanced Dance
12517628,lilen,vo eyltseik,53082Y0YTS,Advanced MS Theatre
12517628,lilen,vo eyltseik,52792Y0YPH,String Philharmonic
12086468,lilmgc,raayt oyknka,11035X0Y,French III Honors
12570031,lilpser,reoliv,52562X0JS,Jazz Stage
12570031,lilpser,reoliv,52892Y0WE,MS Wind Ensemble
4641587116,linwge,lnamia sdre,52792Y0YST,String Technique
12187196,ljae-auainvciln,ihhserrpoct,52172X0YGS,Guitar Styles
1350530,lkeyle,henn galai,54645X0P4,Supplement to PD 2D
12576006,lkniege,aanselnwah hk,52672Y0Y7W,Vocal Music Grade 7 Women's
1502013,lkrca,aa jyvo,2A037X0Y,AP Statistics
1502013,lkrca,aa jyvo,52185X0YCH,Cantabile
1502013,lkrca,aa jyvo,11045X0Y,French IV Honors
3887688368,llaaekrk,snrhepaeond a,3A047X0Y,AP Physics C: Mechanics
3887688368,llaaekrk,snrhepaeond a,1A087X0Y,AP Spanish Language and Culture
3887688368,llaaekrk,snrhepaeond a,2A037X0Y,AP Statistics
3887688368,llaaekrk,snrhepaeond a,52185X0YAG,Advanced Guitar
1548760,llah,kaiiekoa nk,54645X0P4,Supplement to PD 2D
12283815,llah,lelrytl terre,52162X0YCC,Concert Chorus
12098255,llanked,riarjnybvaa ,WB092X0,CTE Advanced and Adobe Digital
12098255,llanked,riarjnybvaa ,52552X0YCB,Concert Band
12539974,lloiek,ihonkesmnea ,50092Y0YAD,MS Advanced Dance
12539974,lloiek,ihonkesmnea ,52682Y0Y8W,Vocal Music Grade 8 Women's
1494453,llwiaehth,aklyira emlxeb,51285X0YCD,Dance Company
1494453,llwiaehth,aklyira emlxeb,48005X0Y,Multicultural Studies Honors
1469037,llya,alwase'n ors,3A047X0Y,AP Physics C: Mechanics
1469037,llya,alwase'n ors,1A087X0Y,AP Spanish Language and Culture
1469037,llya,alwase'n ors,52185X0YAG,Advanced Guitar
12501736,llya,hr'asnati,56092Y0YGF,Guitar Fundamentals
12501736,llya,hr'asnati,53082Y0,MS Theatre Studio
1400020,lmbamc,craleygn,52185X0YCH,Cantabile
12317008,lmene,ei alilagelartbanb aias,52792Y0YST,String Technique
1232365653,lmkcreu,ealhd tecmrreii,52552X0YCB,Concert Band
4763289713,lmreya,nabo doejor,52185X0YCH,Cantabile
12548859,ln oalgapidri,aealdlo nxaanrsi,51092Y0YDE,Middle School Dance Ensemble
12344089,lneo,m hsmykaei-eonsaor,52412X0YSE,String Ensemble
1479147,lo-tissclioalcatl,laibgai,1A087X0Y,AP Spanish Language and Culture
1894209,loaosn,eaeaudean llmew,20412X0Y,Alternate Mathematics II
1894209,loaosn,eaeaudean llmew,52552X0YCB,Concert Band
12199146,loatre,tamhosi lm,52172X0YBE,Bass Ensemble
12049406,loaykee,mlmiea nidoaas,56092Y0YGF,Guitar Fundamentals
12099224,loegsrined,oarcimesssja t,3A017X0Y,AP Chemistry
8124225567,logesbnio,aim,5A027X0Y,AP Studio Art: 2-D Design
8116992988,lohaiavrae nlabs,diajcsra ae,10382X0YRW,ESL High
12088752,lollve,ei inabezocelrlaht,52172X0YSO,String Orchestra
12611849,lolyd,amria,53782Y0IS,Intro to Stagecraft Grade 8
12611849,lolyd,amria,52892Y0WE,MS Wind Ensemble
1865172,lomkcya,treri,3A047X0Y,AP Physics C: Mechanics
1865172,lomkcya,treri,2A037X0Y,AP Statistics
1507847,lonasd,waehr tnlylsa,52552X0YCB,Concert Band
12273797,losenm,omaozjnlka ,54612X0YB3,Beginning 3D
12091481,lossacoap-darlsir,elasth iyeniz,52792Y0YPH,String Philharmonic
2798493315,loufwrm,aaemlr dx,52892Y0WE,MS Wind Ensemble
1530907,lplagozarue i, snegiateietl,3A017X0Y,AP Chemistry
1530907,lplagozarue i, snegiateietl,53622X0YTS,Theatre Studio I
3323445325,lr ellviaazmer,axlsuejes ,54612X0YB3,Beginning 3D
3323445325,lr ellviaazmer,axlsuejes ,52552X0YSB,Symphonic Band
12336798,lrlapaolessia-d,j yorthnnnaaa,52162X0YCC,Concert Chorus
1504343,lrlee,oo rjtagaenygrhn,52195X0YCE,Chorus Chamber Ensemble
1504343,lrlee,oo rjtagaenygrhn,10325X0YNJ,Newspaper Journalism
1145317294,lrlonz ongaelzeaa,h unmroseang,52692Y078W,Chorus Grade 6-8 Beg Women's
1514809,lrlorac,egyn laylmadi,5A027X0Y,AP Studio Art: 2-D Design
1514809,lrlorac,egyn laylmadi,10322X0Y2,Yearbook Journalism
1545820,lrszaaa,aiadsanesn va,20402X0Y,Alternate Mathematics
8724935778,lsaetl,ylrsecahlaa ,54612X0YB3,Beginning 3D
8724935778,lsaetl,ylrsecahlaa ,52162X0YCC,Concert Chorus
12607179,lsanow,eayerrncb d,WB092X0,CTE Advanced and Adobe Digital
1490108,lscyket,namlkbeyanarn i,54175X0YPD,3D Advance (Martinez)
1490108,lscyket,namlkbeyanarn i,54175X0YP2,Supplement to PD 3D
9328816947,lsgniee,aselhnitbeis agelh,53782Y0IS,Intro to Stagecraft Grade 8
12392485,lslsi,etaaab kanptyk,54612X0YB3,Beginning 3D
12392485,lslsi,etaaab kanptyk,52172X0YSO,String Orchestra
12072684,lsphpe,amrecon,54612X0YB3,Beginning 3D
12072684,lsphpe,amrecon,52552X0YSB,Symphonic Band
12088458,ltzob,ulaji,3A017X0Y,AP Chemistry
12088458,ltzob,ulaji,51285X0YCD,Dance Company
12255092,luzdabaez-e, zkhaarairesi,52552X0YCB,Concert Band
12555973,lyr-lema,meaam kedra,52792Y0YPH,String Philharmonic
8383587635,lysnasu,lonna,52892Y0IB,Cadet Band
12224304,lytleo,ham shjntoo,53622X0YTS,Theatre Studio I
12507602,m-iuaeaeagjtr, sauymaanrzioi,52412X0YSE,String Ensemble
12347258,mamrnonyo e,ddrouea,52172X0YGS,Guitar Styles
12703633,maoslse-ccyk,akil yalrba,52672Y0Y7W,Vocal Music Grade 7 Women's
12085249,mapgaecnh,hghaieaipg le,51285X0YCD,Dance Company
12710684,matursgraiieo ner,esaci,52672Y0Y7W,Vocal Music Grade 7 Women's
12426511,mauslt-raeagio,elfe iulisp,54175X0YPD,3D Advance (Martinez)
12426511,mauslt-raeagio,elfe iulisp,11035X0Y,French III Honors
12426511,mauslt-raeagio,elfe iulisp,52552X0YSB,Symphonic Band
12528375,mbgela,monrly ajmi,52892Y0YBP,Beginning Percussion
12528375,mbgela,monrly ajmi,53782Y0IS,Intro to Stagecraft Grade 8
5198657425,mboduo,goanl,52792Y0YST,String Technique
9754337675,mcitawtlfa-esr,ejaoakanh aiml,52672Y0Y7W,Vocal Music Grade 7 Women's
5441867272,mclckohy,el ieicfam,52672Y0Y7W,Vocal Music Grade 7 Women's
1475438,mcoanaencsej-h,mir l waloiarcymlea,52195X0YCE,Chorus Chamber Ensemble
1475438,mcoanaencsej-h,mir l waloiarcymlea,54175X0YP3,Portfolio Development 2D (Watson)
1929087,meanasa-ga,lleeyles slg,54612X0YB3,Beginning 3D
1951182,megr-zcitaaniar,ndaerlaxa,52162X0YCC,Concert Chorus
1951182,megr-zcitaaniar,ndaerlaxa,51252X0YDF,Dance Fundamentals
12056476,meistla-orlcarzi,neikv,52552X0YCB,Concert Band
2125864363,mhheysrup,aeamgcemr ,54175X0YPD,3D Advance (Martinez)
1649317565,mhheysrup,akolrin gaynmt,52185X0YAG,Advanced Guitar
1649317565,mhheysrup,akolrin gaynmt,52195X0YCE,Chorus Chamber Ensemble
1548734,mhyamone,ahnasi,52185X0YCH,Cantabile
12190038,mimss,im roaeiatn,52792Y0YPH,String Philharmonic
12241283,mjaei,r leeaaylnak,51252X0YDF,Dance Fundamentals
12229575,mjaei,takeernih,52185X0YCH,Cantabile
4276567475,mjieezn,myamclaa il,52412X0YSE,String Ensemble
12232807,mkamhra,ahetwonm os,3A017X0Y,AP Chemistry
12232807,mkamhra,ahetwonm os,4A017X0Y,AP European History
12232807,mkamhra,ahetwonm os,52185X0YAG,Advanced Guitar
6597676548,mkamhra,arbnnen,52792Y0YST,String Technique
12300621,mleazdag,aahmtasn,52162X0YCC,Concert Chorus
3246579237,mloaeoasrlcp asi, roaeltalnlba,52172X0YBE,Bass Ensemble
3246579237,mloaeoasrlcp asi, roaeltalnlba,54612X0YAS,Visual Art Survey
12583485,mn-awn, hjphaownradmiu,52792Y0YST,String Technique
1726015,mnartc,lynje aana,52552X0YCB,Concert Band
4873194989,moatlogiri,amem,52792Y0YST,String Technique
1514833,modafnr,aanltsiafifcaa ,3A047X0Y,AP Physics C: Mechanics
1514833,modafnr,aanltsiafifcaa ,52185X0YCH,Cantabile
12524609,mraieornczrao-,gmiuaep ulaaard,52892Y0WE,MS Wind Ensemble
12556291,mrealaezrro msi,eaztrib,52792Y0YST,String Technique
1478590,mriah,amtjahf eiaml,2A037X0Y,AP Statistics
1478590,mriah,amtjahf eiaml,48005X0Y,Multicultural Studies Honors
12742041,mriatn,y oecnrlhae,52692Y078W,Chorus Grade 6-8 Beg Women's
12742041,mriatn,y oecnrlhae,52792Y0YST,String Technique
1929062,mrietamzaogn-nr,kelys,10325X0YNJ,Newspaper Journalism
12574526,mroand,mstce ejltasar,53082Y0YTS,Advanced MS Theatre
1501312,mrsrio,varrxj eaiyba,20412X0Y,Alternate Mathematics II
1501312,mrsrio,varrxj eaiyba,52172X0YBE,Bass Ensemble
1529509,msos,umm laaikr,52552X0YSB,Symphonic Band
12363835,mtlliech,ealesaa gicrbl,52162X0YCC,Concert Chorus
12188401,mtlliech,eryrneurnt h,52195X0YCE,Chorus Chamber Ensemble
12362241,mtlliech,ileaem,52892Y0WE,MS Wind Ensemble
12051813,mtlliech,prmaauasir ,52425X0YCO,Chamber Orchestra (Proficient)
12051813,mtlliech,prmaauasir ,52172X0YSO,String Orchestra
12329774,mtlsodgih,iakne oiindr,52162X0YCC,Concert Chorus
2759943119,muana,tnsrec ieo,53622X0YTL,Theatre Lab
12229922,mzehein,j easvmnea,4A017X0Y,AP European History
12229922,mzehein,j easvmnea,TS315X0Y,Game Art Design Honors
12229922,mzehein,j easvmnea,52585X0YWE,Wind Ensemble
12242671,n nlabogrdaalsio,rni nanaeyjk,52162X0YCC,Concert Chorus
12534785,naanwab,eihrk wsgg zno,52792Y0YPH,String Philharmonic
12388634,nammgu,wg teiiblihylaa,52172X0YGS,Guitar Styles
9411868,navse,alsaynys i,52792Y0YPH,String Philharmonic
12235095,navse,slde kyain,52552X0YSB,Symphonic Band
2637667648,nblaleac, nhnnieteariak,11045X0Y,French IV Honors
12358157,nctolih,lsirnie emenaa,52552X0YCB,Concert Band
12149722,ndbarra,i aamlaisnors,52412X0YSE,String Ensemble
12149722,ndbarra,i aamlaisnors,53635X0YTD,Theatre Design and Production
9129877989,ndcoadalm,n aezeoj,52792Y0YST,String Technique
12333574,nedhraenz,aiacml,50092Y0YAD,MS Advanced Dance
12333574,nedhraenz,aiacml,53082Y0,MS Theatre Studio
1468744,needribuiro-sz,alsrim kaaan,11505X0YS2,Spanish Heritage II Honors
12728768,neirbo',y litazrbehvaee,52672Y0Y7W,Vocal Music Grade 7 Women's
12552642,neirbo',yn jlaraaec,53782Y0IS,Intro to Stagecraft Grade 8
12387637,nemilacd,lemisanyeal a,54612X0YB3,Beginning 3D
12387637,nemilacd,lemisanyeal a,52162X0YCC,Concert Chorus
12333454,neoosecmi-itldirl,smdsaeiern ljama,51252X0YDF,Dance Fundamentals
1483594,nesbon,iaam zhwlrcliay,4A017X0Y,AP European History
1483594,nesbon,iaam zhwlrcliay,TS315X0Y,Game Art Design Honors
1686395,nesbon,themir dary,52172X0YBE,Bass Ensemble
12223225,nfrake,b tesjnroca,52195X0YCE,Chorus Chamber Ensemble
12223225,nfrake,b tesjnroca,11035X0Y,French III Honors
12570301,nfrake,rnxdrataeaiede mhl,56092Y0YGF,Guitar Fundamentals
12570301,nfrake,rnxdrataeaiede mhl,53082Y0,MS Theatre Studio
12227886,ngeere,eihma reasad,52185X0YCH,Cantabile
12227886,ngeere,eihma reasad,53622X0YTL,Theatre Lab
12090626,ngerfous,bielnic vaer,2A037X0Y,AP Statistics
12544566,nhyjoonosrlta,iecjnima a,53082Y0,MS Theatre Studio
12544566,nhyjoonosrlta,iecjnima a,52892Y0WE,MS Wind Ensemble
12533295,niazmmmre,vijiauo esictl,53082Y0YTS,Advanced MS Theatre
12533295,niazmmmre,vijiauo esictl,52892Y0WE,MS Wind Ensemble
5168245811,nieeyzenw,chohwdakkriu uynecae,52412X0YSE,String Ensemble
12210144,nirgmkal,tazieeahg lebcr,52552X0YSB,Symphonic Band
12051921,nirosr,shaaavnn,3A017X0Y,AP Chemistry
12051921,nirosr,shaaavnn,51262X0YD,Dance Collective
8624422752,nkha,adrai,10262Y0YW8,Grade 8 Creative Writing
8624422752,nkha,adrai,53782Y0IS,Intro to Stagecraft Grade 8
9403342,nkora,negoaj hloeps,56092Y0YGF,Guitar Fundamentals
9403342,nkora,negoaj hloeps,51092Y0YDE,Middle School Dance Ensemble
8432952656,nlpaoo,lmo allemldyo,53082Y0,MS Theatre Studio
12243092,nlynf,vacvnij lisra,52552X0YSB,Symphonic Band
12223579,nmok,tgdamkaaena o,54612X0YB3,Beginning 3D
1487632,nmooasi-crltloe,rlnoae,54175X0YPD,3D Advance (Martinez)
1546389,nmoznaeenedradfr-,neikv,52172X0YBE,Bass Ensemble
1546389,nmoznaeenedradfr-,neikv,52185X0YGE,Guitar Ensemble
12092673,nnaneom,nno jlhspoea,3A017X0Y,AP Chemistry
12092673,nnaneom,nno jlhspoea,52425X0YCO,Chamber Orchestra (Proficient)
1717220,nnav,ehtasnl,54612X0YAS,Visual Art Survey
1871334,nndacu,ioya ncjdnle,3A017X0Y,AP Chemistry
1871334,nndacu,ioya ncjdnle,52195X0YCE,Chorus Chamber Ensemble
12200546,nnmsaha,tyn ynrbaede,53622X0YTL,Theatre Lab
6751652186,nnsoorib,eeynkbndalke ,52672Y0Y7W,Vocal Music Grade 7 Women's
1509409,norciat,etaglcrwieebrwal r s,54175X0YPD,3D Advance (Martinez)
1509409,norciat,etaglcrwieebrwal r s,52172X0YBE,Bass Ensemble
12225020,nordiiaor,llp oaaolsyni gepda,51262X0YD,Dance Collective
12225020,nordiiaor,llp oaaolsyni gepda,52172X0YGS,Guitar Styles
12699847,nordiiaor,lyioz ganea dselp,52672Y0Y7M,Vocal Music Grade 7 Men's
12074607,nordiiaor,sglpcnda lsr yiaaeia,52185X0YCH,Cantabile
12074607,nordiiaor,sglpcnda lsr yiaaeia,52172X0YSO,String Orchestra
12210426,not,hi iaoeicvlatyr,52172X0YSO,String Orchestra
1950925,nougy,aizlgk ozazaen,52162X0YCC,Concert Chorus
12610545,nougy,neenajodesi n,51092Y0YDE,Middle School Dance Ensemble
12610545,nougy,neenajodesi n,52682Y0Y8W,Vocal Music Grade 8 Women's
1726034,nougy,roi shcoassln,5A027X0Y,AP Studio Art: 2-D Design
1726034,nougy,roi shcoassln,54175X0YP3,Portfolio Development 2D (Watson)
12375280,npeernahzeed-rz,lsyaeh,52162X0YCC,Concert Chorus
12573096,npirose,nv-ynnanaiaeana v,51092Y0YDE,Middle School Dance Ensemble
12573096,npirose,nv-ynnanaiaeana v,52682Y0Y8W,Vocal Music Grade 8 Women's
1473051,nppiip,nrnmjiluagu en,2A037X0Y,AP Statistics
1473051,nppiip,nrnmjiluagu en,5A027X0Y,AP Studio Art: 2-D Design
12135211,nraamh,sihtna,3A047X0Y,AP Physics C: Mechanics
12135211,nraamh,sihtna,2A037X0Y,AP Statistics
12135211,nraamh,sihtna,54645X0P4,Supplement to PD 2D
3688746961,nraamh,ubsaeoasenlad ikrhl h,52185X0YAG,Advanced Guitar
3688746961,nraamh,ubsaeoasenlad ikrhl h,52585X0YWE,Wind Ensemble
12096122,nraoti,res nenientae,51252X0YDF,Dance Fundamentals
12252813,nrbuson,pialr,51285X0YCD,Dance Company
3542256757,nrfwetui,amem,2A037X0Y,AP Statistics
3542256757,nrfwetui,amem,11045X0Y,French IV Honors
3542256757,nrfwetui,amem,52585X0YWE,Wind Ensemble
12595231,nrgeoszay-epda,naajo,52672Y0Y7W,Vocal Music Grade 7 Women's
12208380,nrpregphade,e leettrevee,52172X0YBE,Bass Ensemble
12592606,nrsegabul,tsnloahy nanro,56092Y0YGF,Guitar Fundamentals
12255914,nsanerdo,tcvlru utseoia,52195X0YCE,Chorus Chamber Ensemble
12255914,nsanerdo,tcvlru utseoia,51262X0YD,Dance Collective
5279583359,nsawi,hnxt rbaeoj,52792Y0YST,String Technique
12099234,nsihloc,lemiil,51262X0YD,Dance Collective
8499453198,nsiolv,ns iorajbbeoc,52195X0YCE,Chorus Chamber Ensemble
7422624329,nsiolv,nsoli birorea,53082Y0YTS,Advanced MS Theatre
7422624329,nsiolv,nsoli birorea,56092Y0YGF,Guitar Fundamentals
12176097,nsohonjt,ronvrle nahitate,52892Y0IB,Cadet Band
12222468,nthmsoae, aljimsee,52172X0YBE,Bass Ensemble
1496534,nthmsoae,eacikriea m,52172X0YSO,String Orchestra
1494409,ntnwoladig,l.eaab c,54175X0YPD,3D Advance (Martinez)
12516968,ntucyml, oajnjbohc,52892Y0WE,MS Wind Ensemble
12516968,ntucyml, oajnjbohc,51092Y0YDE,Middle School Dance Ensemble
12435587,nunvtdae,lahnala,52892Y0YBB,Beginning Band
1500996,nutolb,onrrl jamada,52172X0YBE,Bass Ensemble
1500996,nutolb,onrrl jamada,52892Y0IB,Cadet Band
12188128,nxido,senead,53782Y0IS,Intro to Stagecraft Grade 8
12188128,nxido,senead,96102Y0CSS,Study Skills 7th
12632683,nxido,ulagsnle  cnohc,52792Y0YST,String Technique
12608759,nyau,ltny eypoil,53082Y0YTS,Advanced MS Theatre
12608759,nyau,ltny eypoil,52682Y0Y8W,Vocal Music Grade 8 Women's
12053643,nyau,ra eensrmumo,3A017X0Y,AP Chemistry
12053643,nyau,ra eensrmumo,1A087X0Y,AP Spanish Language and Culture
12053643,nyau,ra eensrmumo,52185X0YCH,Cantabile
12346191,nyesah,leiaaanrdxj end,52162X0YCC,Concert Chorus
12699886,nyodbe,ehea a-eylrollen,52792Y0YST,String Technique
12452406,nzrazemaolo ,gavanoen,52412X0YSE,String Ensemble
12215433,o adnib,cloron ze,52172X0YSO,String Orchestra
12067767,o-mrstoreorre,rnkaia,11505X0YS2,Spanish Heritage II Honors
12067767,o-mrstoreorre,rnkaia,53622X0ATT,Theatre Tech II
12331803,o-odoeoiczzgrn,soo naldneynrroib,52162X0YCC,Concert Chorus
5324543934,oagneblol,ekgenrdrae cao,52792Y0YPH,String Philharmonic
12328400,oarlmia, obrjghaeielps,52792Y0YPH,String Philharmonic
1487086,oarnrva,itaasrerdaanho  b,52195X0YCE,Chorus Chamber Ensemble
1487086,oarnrva,itaasrerdaanho  b,52585X0YWE,Wind Ensemble
1496370,oarylt,lggeyroeukr ,52425X0YCO,Chamber Orchestra (Proficient)
1496370,oarylt,lggeyroeukr ,54645X0P4,Supplement to PD 2D
3414289342,oarylt,ne ianaknkeer,52672Y0Y7W,Vocal Music Grade 7 Women's
12567003,oayhogd,eayynmiahp sxo,52412X0YSE,String Ensemble
12567003,oayhogd,eayynmiahp sxo,52172X0YSO,String Orchestra
12198754,obnd, ulorddlsste,54612X0YB3,Beginning 3D
1405893,obrnw,atniahlen,20412X0Y,Alternate Mathematics II
12366056,obrnw,eierhclinm le,51262X0YD,Dance Collective
12366056,obrnw,eierhclinm le,52552X0YSB,Symphonic Band
1559953,obrnw,latahdj nnneaio,52552X0YSB,Symphonic Band
1483458,obrnw,llirahq lau ilpikseri,WB092X0,CTE Advanced and Adobe Digital
1483458,obrnw,llirahq lau ilpikseri,TS315X0Y,Game Art Design Honors
5565837375,obrnw,meil ni,52792Y0YST,String Technique
12091201,obrnw,mlailel wplyie,3A017X0Y,AP Chemistry
12091201,obrnw,mlailel wplyie,TS315X0Y,Game Art Design Honors
1405472,obrnw,rlachneii set,52585X0YJ,Jazz Combo
1405472,obrnw,rlachneii set,52585X0YWE,Wind Ensemble
12492501,ocx,uensrlmo ca,52672Y0Y7M,Vocal Music Grade 7 Men's
12042838,odgne,ygeler acek,52195X0YCE,Chorus Chamber Ensemble
1784376,odhrwa,bnhnaio vsotaad,51262X0YD,Dance Collective
1391209,odhrwa,eberouwc n,4A017X0Y,AP European History
1391209,odhrwa,eberouwc n,11035X0Y,French III Honors
1391209,odhrwa,eberouwc n,TS315X0Y,Game Art Design Honors
12520246,odhrwa,lelb aegilr,53782Y0IS,Intro to Stagecraft Grade 8
12520246,odhrwa,lelb aegilr,51092Y0YDE,Middle School Dance Ensemble
12520246,odhrwa,lelb aegilr,96102Y0CSS,Study Skills 7th
12353713,odhrwa,tctthrsci ihseork parp,52172X0YSO,String Orchestra
4538752657,odrnai,olmooae lajl,3A017X0Y,AP Chemistry
4538752657,odrnai,olmooae lajl,52425X0YCO,Chamber Orchestra (Proficient)
4538752657,odrnai,olmooae lajl,11045X0Y,French IV Honors
12204602,odtd, srataylvrtece,52172X0YSO,String Orchestra
12073642,oeblror,ndaerlaxa,52412X0YSE,String Ensemble
12353884,oelwylo,na amamfiriut,52552X0YSB,Symphonic Band
1964752,oemta,avddi,52552X0YCB,Concert Band
12591710,oenosrrb,ak aliekamy,51262X0YD,Dance Collective
12233450,oenosrrb,nitahanyoi ,51252X0YDF,Dance Fundamentals
12515325,oeraaknblp-tn,rrtor onvie,53082Y0YTS,Advanced MS Theatre
12515325,oeraaknblp-tn,rrtor onvie,52682Y0Y8M,Vocal Music Grade 8 Men's
4565243628,oestnt,tynvtyeramek ,52792Y0YST,String Technique
1493014,ofnorwaao,smiyzha nioeel,5A007X0Y,AP Art History
1493014,ofnorwaao,smiyzha nioeel,52172X0YSO,String Orchestra
1486345,ofx,ayjtneeadi shn,51252X0YDF,Dance Fundamentals
12306237,ogtorz meser,njn havddaiao,52162X0YCC,Concert Chorus
12514014,ohlcno,dbnairnan yla,51092Y0YDE,Middle School Dance Ensemble
8413827698,ohneedrns,bora teekxynn,52792Y0YST,String Technique
12134394,ohneedrns,inei sranaei,52162X0YCC,Concert Chorus
2261127278,oilvn,mnwaehotaht ,54175X0YPD,3D Advance (Martinez)
2261127278,oilvn,mnwaehotaht ,2A037X0Y,AP Statistics
2261127278,oilvn,mnwaehotaht ,53635X0YTD,Theatre Design and Production
12728012,ojaem,niutkijcrs e,52792Y0YST,String Technique
12570283,ojehjo-nsnnos,e'jyorc,52892Y0IB,Cadet Band
12570283,ojehjo-nsnnos,e'jyorc,53082Y0,MS Theatre Studio
12086242,ojter,aliteen,52892Y0IB,Cadet Band
12329747,okoc,neeaxvrasier ,52892Y0IB,Cadet Band
8951463524,oldeesb,vailcigo ear,11035X0Y,French III Honors
9969954474,oldlse,#NAME?,52892Y0YBB,Beginning Band
12538528,olfser,raclso,56092Y0YGF,Guitar Fundamentals
1466347,olraamv-ioels,laranionalc orad,11505X0YS2,Spanish Heritage II Honors
12528439,onabemsng-eadaag,s swvnneietoel,52672Y0Y7M,Vocal Music Grade 7 Men's
12151944,oncchak,egwntrihag ra,53622X0YTL,Theatre Lab
12563314,oncchak,knlaiahetzelb dle,52792Y0YPH,String Philharmonic
12689830,oni-odnybmaatnl,nh ijanaeaiale,52792Y0YST,String Technique
6397621871,oniclv,to-nsynlnheaiaoara mle,54612X0YB3,Beginning 3D
12067005,onozludnmediod-maag,ucmnavteoli r,52562X0JS,Jazz Stage
12067005,onozludnmediod-maag,ucmnavteoli r,52585X0YWE,Wind Ensemble
4494452912,onrohntt,egeeipi als,52185X0YCH,Cantabile
4494452912,onrohntt,egeeipi als,53622X0YTL,Theatre Lab
2489917919,onrttohmrokc,zal shenhuiaenbsta,51262X0YD,Dance Collective
1335215255,onsdw,arnmvesa eo,52425X0YCO,Chamber Orchestra (Proficient)
1545987,ooenry,mumailhcesaes ,5A017X0Y,AP Music Theory
1545987,ooenry,mumailhcesaes ,2A037X0Y,AP Statistics
1545987,ooenry,mumailhcesaes ,52195X0YCE,Chorus Chamber Ensemble
1686772,oorme, hraeeotmzgnliab,53622X0YTL,Theatre Lab
4719487769,oorme,lslnsiete asaaae,52672Y0Y7W,Vocal Music Grade 7 Women's
3257191979,oorme,mhsala mtwioil,4A017X0Y,AP European History
3257191979,oorme,mhsala mtwioil,52185X0YAG,Advanced Guitar
3257191979,oorme,mhsala mtwioil,10255X0YF2,Film
12637747,oorme,sa eaercnpsic,52792Y0YPH,String Philharmonic
12620019,oorme,tnhesrolfslnoy  aren,53082Y0,MS Theatre Studio
12620019,oorme,tnhesrolfslnoy  aren,51092Y0YDE,Middle School Dance Ensemble
12728805,oorrraz usmee,land oefxfrasya,52672Y0Y7W,Vocal Music Grade 7 Women's
12350866,oorvhlt,mnwaehotaht ,52562X0JS,Jazz Stage
12350866,oorvhlt,mnwaehotaht ,52552X0YSB,Symphonic Band
12189749,oploe,arnvcaiae ng,52162X0YCC,Concert Chorus
12329883,oquanrmir,ylianrm,52162X0YCC,Concert Chorus
12331139,oramn,jocanaib ,11035X0Y,French III Honors
12331139,oramn,jocanaib ,52552X0YSB,Symphonic Band
4617819533,orsobk,lylc-aiaean rbgil,52552X0YSB,Symphonic Band
8711844175,ortunhdm,aiee nnhraye,51092Y0YDE,Middle School Dance Ensemble
8711844175,ortunhdm,aiee nnhraye,52682Y0Y8W,Vocal Music Grade 8 Women's
12086129,orupsc,nc amnorootia,20402X0Y,Alternate Mathematics
12086129,orupsc,nc amnorootia,54612X0YAS,Visual Art Survey
12502993,orwrba,nlyiaannla ,53082Y0YTS,Advanced MS Theatre
12502993,orwrba,nlyiaannla ,52682Y0Y8W,Vocal Music Grade 8 Women's
12561789,osdhre,hl ctalyenikilme,52692Y078W,Chorus Grade 6-8 Beg Women's
12044661,oshaeuo azccrnh,driaen,52552X0YCB,Concert Band
12067995,oslon,ehbta zeilaet,54175X0YPD,3D Advance (Martinez)
12067995,oslon,ehbta zeilaet,53622X0ATT,Theatre Tech II
1489760,osochinln,nl. iarleoc,48005X0Y,Multicultural Studies Honors
12273505,osorbhurgca,hsrcyittea een,52552X0YCB,Concert Band
1703549,osrtdu,ibr 'ajtoiannea,52412X0YSE,String Ensemble
12711514,otnsamleswn, iezasobelyal,52792Y0YST,String Technique
4915689514,oubnd,djssoofhe lrae,52792Y0YST,String Technique
12119268,ouiclnc,tkcyiaoaivlr a,48005X0Y,Multicultural Studies Honors
12119268,ouiclnc,tkcyiaoaivlr a,53622X0YTS,Theatre Studio I
12292663,owslni,aaaaajhnmlr ai,52162X0YCC,Concert Chorus
9366423,owslni,ayecrlagurn ,52585X0YWE,Wind Ensemble
1394226,owslni,g natojesinperh,20402X0Y,Alternate Mathematics
1468975,ozaarl,eilean,3A047X0Y,AP Physics C: Mechanics
1468975,ozaarl,eilean,1A087X0Y,AP Spanish Language and Culture
1468975,ozaarl,eilean,52585X0YWE,Wind Ensemble
12365723,ozmzupnergeedi,afdoerl,52412X0YSE,String Ensemble
1531775,pay, lnbaioeybc,54645X0P4,Supplement to PD 2D
1531775,pay, lnbaioeybc,10322X0Y2,Yearbook Journalism
12711859,peezr,ydeki,52672Y0Y7W,Vocal Music Grade 7 Women's
12148051,pka,eyn,56092Y0YGF,Guitar Fundamentals
9444535,pkienyn,azraahj,52792Y0YPH,String Philharmonic
12556846,pkninrseo,oleruetvirv intqe ne,53782Y0IS,Intro to Stagecraft Grade 8
12556846,pkninrseo,oleruetvirv intqe ne,52892Y0WE,MS Wind Ensemble
12279998,porme-zzgee,artclsi,53622X0YTL,Theatre Lab
12304089,prartcene, aaaeksnyjlim,20402X0Y,Alternate Mathematics
12304087,prartcene,jan hyaekmai,52185X0YCH,Cantabile
1725977,prreo,hmqaenjuloa i,52195X0YCE,Chorus Chamber Ensemble
1725977,prreo,hmqaenjuloa i,52585X0YWE,Wind Ensemble
1528933,prreo,naainbj asinemr,48005X0Y,Multicultural Studies Honors
1500511,psipph,ienal icerhlda,52172X0YGS,Guitar Styles
1500511,psipph,ienal icerhlda,52412X0YSE,String Ensemble
9262588429,ptmoear, atrinraimicsa,54645X0P4,Supplement to PD 2D
1928813,qeen-gdvuarzza,ahxtecaoli lecry,10325X0YNJ,Newspaper Journalism
1928813,qeen-gdvuarzza,ahxtecaoli lecry,52172X0YSO,String Orchestra
12311179,qzusaajceo vl,insaictrh,52792Y0YPH,String Philharmonic
1950904,qzzauae aapogvdle,elchelim,52162X0YCC,Concert Chorus
12714576,r arciacgzu, argehefisyel,52792Y0YST,String Technique
12594803,r-caarccgnooo,aiaueai rmorl,52792Y0YPH,String Philharmonic
12097276,r-gvrzaacus,ddrouea,52162X0YCC,Concert Chorus
12195714,raetposi ndo,odnyaa,52552X0YCB,Concert Band
12532153,rafoko,enaenox hrlada,53082Y0,MS Theatre Studio
12532153,rafoko,enaenox hrlada,52682Y0Y8M,Vocal Music Grade 8 Men's
12107639,rahellr,aari,52185X0YCH,Cantabile
12042380,ral rbaszaeels,ileqzuail aat,52172X0YSO,String Orchestra
12726824,ramat-inadeuge,lnieoch,52792Y0YST,String Technique
1165781476,ransbdalaelaadt-, aapnuaal,52552X0YSB,Symphonic Band
1165781476,ransbdalaelaadt-, aapnuaal,53622X0YTL,Theatre Lab
6218319385,raofal,faerias o,54612X0YB3,Beginning 3D
6218319385,raofal,faerias o,52162X0YCC,Concert Chorus
12046824,raooaln egzeml,aaemlyid i,54612X0YB3,Beginning 3D
12046824,raooaln egzeml,aaemlyid i,11505X0YS2,Spanish Heritage II Honors
12433555,rapi,lbaesa ocjuh,52792Y0YPH,String Philharmonic
12309767,razitceirugage r,toanhyn,52162X0YCC,Concert Chorus
12345402,rbesy,j easvmnea,52162X0YCC,Concert Chorus
12250334,rcih,ricekl ig byrsraea,53622X0YTL,Theatre Lab
1538026,rdaswed,nimesam aiao,52172X0YSO,String Orchestra
1479640,rdaswed,yatkanauim um,52185X0YCH,Cantabile
1479640,rdaswed,yatkanauim um,10255X0YF2,Film
1479640,rdaswed,yatkanauim um,48005X0Y,Multicultural Studies Honors
12085466,rdeivr,ceaavlor iig,3A017X0Y,AP Chemistry
12085466,rdeivr,ceaavlor iig,2A037X0Y,AP Statistics
12085466,rdeivr,ceaavlor iig,11035X0Y,French III Honors
12085466,rdeivr,ceaavlor iig,52172X0YSO,String Orchestra
12219157,rdfpfoa,lshaas,52195X0YCE,Chorus Chamber Ensemble
12219157,rdfpfoa,lshaas,53622X0YTL,Theatre Lab
12090595,rdurigoze, npyilalkaoe,52162X0YCC,Concert Chorus
1578525,reargne,gntgoeleyerbros w al,52425X0YCO,Chamber Orchestra (Proficient)
12532041,reayms,smtiltc oa,52792Y0YPH,String Philharmonic
12044125,reblmta,vehxi opeasrj,52195X0YCE,Chorus Chamber Ensemble
12044125,reblmta,vehxi opeasrj,53635X0YTD,Theatre Design and Production
12630997,reepzd rpeaza,nashkrny leer,52162X0YCC,Concert Chorus
12630997,reepzd rpeaza,nashkrny leer,10382X0YRW,ESL High
12426560,refe,ujjds haaem,TS322X0YG2,Advanced Game Art Design
7145382571,refe,yrbu,52792Y0YST,String Technique
8487886736,regnepu,silajckkn ew,54612X0YB3,Beginning 3D
9624762996,reuasel,vane eaj,53622X0YTS,Theatre Studio I
1729401,rfaeodnn,nraadsk lsaoncot,52195X0YCE,Chorus Chamber Ensemble
1729401,rfaeodnn,nraadsk lsaoncot,10255X0YF2,Film
1399312,rfdo,bnarodn,54612X0YB3,Beginning 3D
12188488,rfdo,rauesxaiimqt la,52185X0YGE,Guitar Ensemble
12725271,rfdo,u eirneseojq,52892Y0IB,Cadet Band
12525112,rggeeo,ehidhlaurg aane,50092Y0YAD,MS Advanced Dance
2642511448,rgisrvansaicho-,inf sacniteleeoh,52792Y0YST,String Technique
8782948712,rhcidgo,lia ibeelmasi,52792Y0YST,String Technique
8245987735,rhcidgo,rervneadgid dec,52672Y0Y7M,Vocal Music Grade 7 Men's
12597592,rhedinas, edraeolhlexandn,52892Y0IB,Cadet Band
12597592,rhedinas, edraeolhlexandn,52412X0YSE,String Ensemble
12597592,rhedinas, edraeolhlexandn,96102Y0CSS,Study Skills 7th
3652983874,rheivsicsddl-,irnnoo oletna,53082Y0,MS Theatre Studio
3652983874,rheivsicsddl-,irnnoo oletna,52412X0YSE,String Ensemble
9957153749,rhsecla,or eyetcaltm,52792Y0YST,String Technique
12203510,rhyweusrbs,ch nepjhiootarsrs,52425X0YCO,Chamber Orchestra (Proficient)
12203510,rhyweusrbs,ch nepjhiootarsrs,52172X0YSO,String Orchestra
12156706,ribgeds, kdreacadteo,52162X0YCC,Concert Chorus
12066561,rimeanznndth-eaezr,uilssya,11045X0Y,French IV Honors
12066561,rimeanznndth-eaezr,uilssya,53622X0YTL,Theatre Lab
12099233,riodnsbtcier-em,reonela,1A087X0Y,AP Spanish Language and Culture
12099233,riodnsbtcier-em,reonela,51262X0YD,Dance Collective
12099233,riodnsbtcier-em,reonela,48005X0Y,Multicultural Studies Honors
12555439,rireref,o hrnjyna,53082Y0YTS,Advanced MS Theatre
12555439,rireref,o hrnjyna,52792Y0YPH,String Philharmonic
1504048,ritotnugnk, elaleeumysws,3A047X0Y,AP Physics C: Mechanics
1504048,ritotnugnk, elaleeumysws,52562X0JS,Jazz Stage
1504048,ritotnugnk, elaleeumysws,52585X0YWE,Wind Ensemble
12525321,rkabe,at kvyanrha,52412X0YSE,String Ensemble
1473982,rkabe,yirrsjaha ,TS322X0YG2,Advanced Game Art Design
1473982,rkabe,yirrsjaha ,WB092X0,CTE Advanced and Adobe Digital
12317384,rkgebeanr,eerme ildrlk,52672Y0Y7M,Vocal Music Grade 7 Men's
1470739,rkre,ahmrltameyice ,48005X0Y,Multicultural Studies Honors
1950774,rlaen-mozvdeaar,sellgeilim ey,52892Y0IB,Cadet Band
12348548,rlegeiss, rleaosieonl,52172X0YGS,Guitar Styles
12348548,rlegeiss, rleaosieonl,52552X0YSB,Symphonic Band
12348338,rlegeiss,fa juiedierlel,52172X0YGS,Guitar Styles
12348338,rlegeiss,fa juiedierlel,52552X0YSB,Symphonic Band
12502219,rllhiaid,redinhl eaztbaiw,53082Y0YTS,Advanced MS Theatre
12502219,rllhiaid,redinhl eaztbaiw,52682Y0Y8W,Vocal Music Grade 8 Women's
12508065,rlrlio tgaaicuj,danilen,52672Y0Y7M,Vocal Music Grade 7 Men's
12619679,rnareg,yeiaivn,52682Y0Y8W,Vocal Music Grade 8 Women's
12196454,rnege,acbetoa wljr,53622X0ATT,Theatre Tech II
12303129,rnege,agaehliv'mah ucdn,52892Y0YBP,Beginning Percussion
12586120,rnffiig,ahiaarz,53782Y0IS,Intro to Stagecraft Grade 8
4176916826,rnffiig,alseibre roi,53082Y0YTS,Advanced MS Theatre
4176916826,rnffiig,alseibre roi,10262Y0YW8,Grade 8 Creative Writing
12529331,rnffiig,lmiej nvoe,53082Y0YTS,Advanced MS Theatre
12529331,rnffiig,lmiej nvoe,52892Y0YBP,Beginning Percussion
12529331,rnffiig,lmiej nvoe,52892Y0WE,MS Wind Ensemble
12738675,rnffiig,rtgeic vcinan,52892Y0YBP,Beginning Percussion
12738675,rnffiig,rtgeic vcinan,52672Y0Y7M,Vocal Music Grade 7 Men's
12199211,rngeigsb,edaa nziisirc,52195X0YCE,Chorus Chamber Ensemble
12199211,rngeigsb,edaa nziisirc,53622X0YTL,Theatre Lab
12089081,rnobweuees,adreeieh mfjae,52172X0YBE,Bass Ensemble
12363873,rntomo,necgaren a,52162X0YCC,Concert Chorus
1470656,rnyab,nla ebdyonxr,TS322X0YG2,Advanced Game Art Design
1470656,rnyab,nla ebdyonxr,10255X0YF2,Film
12570942,roam,dnafnrmaior ejel,96102Y0CSS,Study Skills 7th
12570942,roam,dnafnrmaior ejel,52682Y0Y8M,Vocal Music Grade 8 Men's
12187052,rocn-perfaeizcs,mjaes,52162X0YCC,Concert Chorus
12723156,roryy-oraraoo,doal,52892Y0IB,Cadet Band
12343442,roscs,hnlln oeja,52172X0YGS,Guitar Styles
12188656,rowawodd,aykrnggiiaoeeh ml,52185X0YCH,Cantabile
12048196,rpmhyu,oh msnnna,56092Y0YGF,Guitar Fundamentals
12299292,rrboeko,r slimmiea,52682Y0Y8M,Vocal Music Grade 8 Men's
12727416,rrevrnosaml-oaa,ub erjoiasn,52892Y0IB,Cadet Band
12112613,rrpey,r eeeeenlanldi,51252X0YDF,Dance Fundamentals
1394209,rrpey,unarly e,52185X0YCH,Cantabile
1394209,rrpey,unarly e,48005X0Y,Multicultural Studies Honors
12726111,rruip-olesie,agrmeiaelce ,52892Y0WE,MS Wind Ensemble
12046139,rsaned,nlicdana ey ceuree,3A017X0Y,AP Chemistry
12046139,rsaned,nlicdana ey ceuree,51262X0YD,Dance Collective
12046139,rsaned,nlicdana ey ceuree,11035X0Y,French III Honors
1525785,rsiaallooerra-s,xas ksianla,53622X0YTL,Theatre Lab
12721168,rsrdiegb,iaijhmozyaalr ,52672Y0Y7W,Vocal Music Grade 7 Women's
1541809,rvelse,auynlheoms ane,52162X0YCC,Concert Chorus
1486534,rvoelg,juistn,54175X0YPD,3D Advance (Martinez)
7177156682,ryeab,ialsan tsciohincrh,3A047X0Y,AP Physics C: Mechanics
7177156682,ryeab,ialsan tsciohincrh,2A037X0Y,AP Statistics
7177156682,ryeab,ialsan tsciohincrh,TS322X0YG2,Advanced Game Art Design
12086993,rzfatn,aanainetlrk u,5A017X0Y,AP Music Theory
12086993,rzfatn,aanainetlrk u,52185X0YGE,Guitar Ensemble
12592657,sacaasil,biit lpeaeghzea,50092Y0YAD,MS Advanced Dance
12592657,sacaasil,biit lpeaeghzea,52682Y0Y8W,Vocal Music Grade 8 Women's
12359562,sacaasil,e aigivcrvan,54612X0YB3,Beginning 3D
12359562,sacaasil,e aigivcrvan,52162X0YCC,Concert Chorus
12243472,sadoor,sjaouelp ,52162X0YCC,Concert Chorus
1472530,saitngr,mlanejn aroa,5A007X0Y,AP Art History
1472530,saitngr,mlanejn aroa,5A027X0Y,AP Studio Art: 2-D Design
1472530,saitngr,mlanejn aroa,54175X0YP3,Portfolio Development 2D (Watson)
1472530,saitngr,mlanejn aroa,53635X0YS2,Theatre Studio II
12112589,saprk,einr,10322X0Y2,Yearbook Journalism
12698331,saprk,il aeiedxnenske,52792Y0YST,String Technique
12642853,sarnreaerrroe b,lsyaeh,52792Y0YST,String Technique
2359923455,scihff,onanhvoa ,52792Y0YST,String Technique
9924385233,scikibbnm,aroointrienl csdala,52162X0YCC,Concert Chorus
7925657472,scldheu, ibalieimarga,3A017X0Y,AP Chemistry
7925657472,scldheu, ibalieimarga,52425X0YCO,Chamber Orchestra (Proficient)
12265226,screrodh,aibrleaeotizhmn ,10325X0YNJ,Newspaper Journalism
1508853,sdaam,eaal ieyndivstt,52185X0YCH,Cantabile
8872956846,sdaam,kh jlnateyran,52195X0YCE,Chorus Chamber Ensemble
12084169,sddono,aihie tbvaigzlnier,4A017X0Y,AP European History
12084169,sddono,aihie tbvaigzlnier,53635X0YTD,Theatre Design and Production
12084169,sddono,aihie tbvaigzlnier,53635X0YS2,Theatre Studio II
12114596,sdltaei,ips sieuhoola,10322X0Y2,Yearbook Journalism
12199628,sdvai, njeylaenaak,52172X0YGS,Guitar Styles
12268744,sdvai,aprihamoie s,53622X0YTL,Theatre Lab
12075951,sdvai,ls ldodciinona,TS315X0Y,Game Art Design Honors
12199641,sdvai,ralceiim yl,52585X0YWE,Wind Ensemble
12511654,sdvai,yon rikmhjed,52692Y078M,Chorus Grade 6-8 Beg Men's
12511654,sdvai,yon rikmhjed,96102Y0YLS,Learning Strategies 8th
12553255,sdyern,dawel mjoieo,52792Y0YPH,String Philharmonic
12042805,se-ivnrdiaap,ejual ypgaaledun,11505X0YS2,Spanish Heritage II Honors
1473547,sehrh,lrjnimy eado,52185X0YAG,Advanced Guitar
12118440,serltwihi,moylicnlaa km,52562X0JS,Jazz Stage
12118440,serltwihi,moylicnlaa km,52552X0YSB,Symphonic Band
12232134,sevrea,ilyyiaah mnka,52552X0YCB,Concert Band
5655995832,sfesaa,oabmoskraahr ,52792Y0YST,String Technique
12079283,sfia,zmaairdan ,3A017X0Y,AP Chemistry
12079283,sfia,zmaairdan ,11035X0Y,French III Honors
12085882,shcezna,isucm nmoaiori,TS315X0Y,Game Art Design Honors
12536531,sheret,mlejama ir,52672Y0Y7M,Vocal Music Grade 7 Men's
12291285,shick,aste anaamrna,51262X0YD,Dance Collective
12585086,shick,igalnp ohneea,52672Y0Y7W,Vocal Music Grade 7 Women's
12238037,sjnkeni,igayppvop en,52185X0YCH,Cantabile
12562643,skhun,h rarveryaep,50092Y0YAD,MS Advanced Dance
12562643,skhun,h rarveryaep,52682Y0Y8W,Vocal Music Grade 8 Women's
12273046,skjcnoa,ilama,51285X0YCD,Dance Company
1498569,skjcnoa,n rarbaaanji,51285X0YCD,Dance Company
12228830,sleihcr,emi adahltaezb,52552X0YSB,Symphonic Band
12203771,sloesilr,alalen xmgw,52585X0YWE,Wind Ensemble
12489365,smaacmd,mearye iuarb,52892Y0WE,MS Wind Ensemble
1477665,smnsoa,jnmmaae uyrjgre,3A017X0Y,AP Chemistry
1477665,smnsoa,jnmmaae uyrjgre,52195X0YCE,Chorus Chamber Ensemble
1478217,snhama,r arrsiyebu,2A037X0Y,AP Statistics
1478217,snhama,r arrsiyebu,54175X0YP2,Supplement to PD 3D
1478217,snhama,r arrsiyebu,54175X0YPD,3D Advance (Martinez)
12051948,snlgoi,yoelx oantdnn,52425X0YCO,Chamber Orchestra (Proficient)
1726005,soamn, jeinmairsaomerj,52185X0YCH,Cantabile
12053694,soamn,isi mneona,54175X0YPD,3D Advance (Martinez)
2114947483,sodaa e ug eoprler,ryyml ngaee,52672Y0Y7W,Vocal Music Grade 7 Women's
1505298,soer,eirlea ecagelsbhl,5A017X0Y,AP Music Theory
1505298,soer,eirlea ecagelsbhl,52195X0YCE,Chorus Chamber Ensemble
1505298,soer,eirlea ecagelsbhl,53635X0YS2,Theatre Studio II
12369670,soer,io weydnaear,54612X0YB3,Beginning 3D
12369670,soer,io weydnaear,52792Y0YPH,String Philharmonic
5348723789,sonje,aimdojlach any,50092Y0YAD,MS Advanced Dance
5348723789,sonje,aimdojlach any,53082Y0,MS Theatre Studio
5348723789,sonje,aimdojlach any,52792Y0YPH,String Philharmonic
7564745754,sonje,l moajaearyarc,52672Y0Y7W,Vocal Music Grade 7 Women's
12384230,soohnnj,at eiaclim,52552X0YSB,Symphonic Band
12351433,soohnnj,das yaaethjnle'i,52162X0YCC,Concert Chorus
12351433,soohnnj,das yaaethjnle'i,51252X0YDF,Dance Fundamentals
12691309,soohnnj,hspttrihre eoyrcl,52892Y0IB,Cadet Band
12490975,soohnnj,jiynaeaaas n,52692Y078W,Chorus Grade 6-8 Beg Women's
12734599,soohnnj,mdh dnrayraa,52672Y0Y7M,Vocal Music Grade 7 Men's
12045636,soohnnj,mreeecibaa liat,52425X0YCO,Chamber Orchestra (Proficient)
12601933,soohnnj,rfsirw tdfeokre,52682Y0Y8M,Vocal Music Grade 8 Men's
12594690,soohnnj,ze so,53782Y0IS,Intro to Stagecraft Grade 8
12594690,soohnnj,ze so,51092Y0YDE,Middle School Dance Ensemble
1950993,sorceba,haeeeinmlr ,52162X0YCC,Concert Chorus
12740095,sorranmgt,anasiee yrid,52672Y0Y7W,Vocal Music Grade 7 Women's
12570295,sorranmgt,e xctoewdnirr,52672Y0Y7M,Vocal Music Grade 7 Men's
12533137,sosr,sn milaaaon,52692Y078W,Chorus Grade 6-8 Beg Women's
12533137,sosr,sn milaaaon,50092Y0YAD,MS Advanced Dance
12087221,sosr,tnrbnoeowtr e,52585X0YJ,Jazz Combo
12547682,sowen,naeom leriacm,52412X0YSE,String Ensemble
2764699336,sphnkoi,yeylrs htolaa,53082Y0,MS Theatre Studio
12094770,sptreeemn,aeenn aevellyhe,52195X0YCE,Chorus Chamber Ensemble
12094770,sptreeemn,aeenn aevellyhe,48005X0Y,Multicultural Studies Honors
12427014,srlteisa,keo nojaynwn,52892Y0IB,Cadet Band
12350972,srv oiarams,eztli,52412X0YSE,String Ensemble
1585288535,stuelr,na yceaedjy,52672Y0Y7W,Vocal Music Grade 7 Women's
1466096,suan digeaoacdl,olm jleaye,52185X0YAG,Advanced Guitar
1729264,sucenht,mlrcayab pble,52172X0YSO,String Orchestra
12568973,suncoi,aenclieigllore b,52682Y0Y8W,Vocal Music Grade 8 Women's
12742795,svannalyik,audicla,52792Y0YSD,Middle School String Development
12386461,svannalyik,edcdnaxra eyell,53622X0YTL,Theatre Lab
12386461,svannalyik,edcdnaxra eyell,10322X0Y2,Yearbook Journalism
1481198,svomieno,apgegivvreel o,3A047X0Y,AP Physics C: Mechanics
1481198,svomieno,apgegivvreel o,52585X0YWE,Wind Ensemble
12261455,swiel,lnyeirumjleyq ,52172X0YBE,Bass Ensemble
12603174,swuou,rmauykad hnotk,51262X0YD,Dance Collective
12052552,taealajtb,eyenoci nedall,52172X0YSO,String Orchestra
12326740,taet,cedrkir,52792Y0YSD,Middle School String Development
1496002,tanainlu,dabyr,3A017X0Y,AP Chemistry
12419949,taswno,i aaqetcnromr,52892Y0IB,Cadet Band
12419949,taswno,i aaqetcnromr,51092Y0YDE,Middle School Dance Ensemble
12642826,taswno,lrsa nhteeehnaeia,52682Y0Y8W,Vocal Music Grade 8 Women's
12225885,taswno,s niolinecmoad,52185X0YCH,Cantabile
12225885,taswno,s niolinecmoad,10322X0Y2,Yearbook Journalism
12197248,tbtane,ell relyxaeandk,52585X0YWE,Wind Ensemble
12716112,tbtane,ileradeslnw ,52892Y0YBB,Beginning Band
12716112,tbtane,ileradeslnw ,52792Y0YST,String Technique
12344764,tdsernnaa,aaslim emsy,52412X0YSE,String Ensemble
12540062,tefnuse, gclzaieibe,52892Y0IB,Cadet Band
12552543,teotreds,ujsoietcasu jh,53082Y0,MS Theatre Studio
12695624,thamstew,rvaeixl'aemary z,52672Y0Y7M,Vocal Music Grade 7 Men's
3243441412,tinnfioi,e aealcllir,52892Y0WE,MS Wind Ensemble
12631504,tixat,clsaahez lcon,52892Y0IB,Cadet Band
12564259,tkeahrwi,e asrdtheom,53082Y0,MS Theatre Studio
12564259,tkeahrwi,e asrdtheom,52682Y0Y8M,Vocal Music Grade 8 Men's
12368723,tkeahrwi,oydimrsaand ,52172X0YSO,String Orchestra
12044565,tmaut,sanayht,52552X0YSB,Symphonic Band
12044565,tmaut,sanayht,52585X0YWE,Wind Ensemble
12075903,tnieslerg,mcrceaebe a,11035X0Y,French III Honors
1480034,tnnbtee,daoatner rcaliviax,52185X0YGE,Guitar Ensemble
12574499,tnnbtee,eqnauilcej,52792Y0YST,String Technique
12278291,toakil,t rvaahceny,54612X0YB3,Beginning 3D
1473417,toamiilt,keramyre sj,52195X0YCE,Chorus Chamber Ensemble
1473417,toamiilt,keramyre sj,52172X0YSO,String Orchestra
5696698131,toefmft,e yeuillcna,52672Y0Y7W,Vocal Music Grade 7 Women's
12070630,tonett,adadianwrn ,52185X0YGE,Guitar Ensemble
12192822,tornh,ocanellleel i,53622X0YTL,Theatre Lab
3118218762,totcs,m erniayaaa,52792Y0YST,String Technique
12678873,tpialgak,uaokpsrtijou th,52892Y0IB,Cadet Band
12576713,trebi,leijut,11035X0Y,French III Honors
12576713,trebi,leijut,53635X0YTD,Theatre Design and Production
4828445463,trecim,zeleoyjn eak,52892Y0IB,Cadet Band
12503584,trrcea,maeenrkayid ,53082Y0,MS Theatre Studio
12503584,trrcea,maeenrkayid ,52682Y0Y8W,Vocal Music Grade 8 Women's
12347696,trrcea,xea raleagc,52162X0YCC,Concert Chorus
12345439,trrleel,dnkyre vese,52162X0YCC,Concert Chorus
12345439,trrleel,dnkyre vese,51252X0YDF,Dance Fundamentals
1496579,trwtiep,aprihamoie s,52185X0YGE,Guitar Ensemble
1496579,trwtiep,aprihamoie s,48005X0Y,Multicultural Studies Honors
12556079,trychaaoktrb,go no sslhovenluaod,52412X0YSE,String Ensemble
12599939,tsanik, aesmnlicrsoh,52692Y078M,Chorus Grade 6-8 Beg Men's
12203069,tsiabs,asve aor,52195X0YCE,Chorus Chamber Ensemble
12535316,tsiabs,lna yvmeedena,53082Y0,MS Theatre Studio
9517767188,tsiorsco,illiana,52692Y078W,Chorus Grade 6-8 Beg Women's
2633768113,tsrioa,naolg,52162X0YCC,Concert Chorus
12230325,tsuit,aaaidslk lmnyay,52552X0YSB,Symphonic Band
1479525,ttebltra, mkrescluuaet,3A017X0Y,AP Chemistry
1479525,ttebltra, mkrescluuaet,52425X0YCO,Chamber Orchestra (Proficient)
1479525,ttebltra, mkrescluuaet,10325X0YNJ,Newspaper Journalism
1896351433,ttebltra,s idosniasrdo,53082Y0YTS,Advanced MS Theatre
1896351433,ttebltra,s idosniasrdo,52792Y0YPH,String Philharmonic
12123934,ttgnewih,regp vraealehi,52185X0YCH,Cantabile
12366036,ttrkui,aiqu hrawmsohahdfmeo,52172X0YGS,Guitar Styles
12366036,ttrkui,aiqu hrawmsohahdfmeo,52172X0YSO,String Orchestra
12513793,tucheb,crie,53782Y0IS,Intro to Stagecraft Grade 8
12513793,tucheb,crie,52892Y0WE,MS Wind Ensemble
12243751,tucheb,mara,52792Y0YPH,String Philharmonic
12213859,tung,uahh ide,10325X0YNJ,Newspaper Journalism
9817542157,tyweh,m esynrilaec,52892Y0IB,Cadet Band
9413364,tztsu,hkitat cnrrirtao gbepra,52562X0JS,Jazz Stage
9413364,tztsu,hkitat cnrrirtao gbepra,52552X0YSB,Symphonic Band
12076283,ucink,mrhtcas naoeom,TS315X0Y,Game Art Design Honors
3775321187,ucrmp,hari iykazmya,96102Y0YLS,Learning Strategies 8th
3775321187,ucrmp,hari iykazmya,52672Y0Y7W,Vocal Music Grade 7 Women's
12172718,udrepe,ihysrlcbl i,52172X0YBE,Bass Ensemble
12716292,uegarg,d diavawnedr,52792Y0YST,String Technique
12046444,uerle, loeraevintwncn,52172X0YSO,String Orchestra
12063304,uerle,r gnntlsilaor,52162X0YCC,Concert Chorus
1383665,ugcozzale-nnaa,iurle,20402X0Y,Alternate Mathematics
1383665,ugcozzale-nnaa,iurle,54612X0YB3,Beginning 3D
12569825,ugiarlea zalmadg,lerhaewy nrt,52672Y0Y7M,Vocal Music Grade 7 Men's
1496334,uhmrnab,oraelsey ovrm,54175X0YPD,3D Advance (Martinez)
1496334,uhmrnab,oraelsey ovrm,54175X0YP2,Supplement to PD 3D
7634282251,uihmoce,ploreiumms uelaa,52892Y0IB,Cadet Band
2252667389,uirhkks,antannia,11035X0Y,French III Honors
2252667389,uirhkks,antannia,52172X0YSO,String Orchestra
12371598,uirm-egueaztngrz,sadi,52892Y0IB,Cadet Band
12557578,ukan,nsleeanrnnieeia  eoc,53082Y0YTS,Advanced MS Theatre
12557578,ukan,nsleeanrnnieeia  eoc,52892Y0WE,MS Wind Ensemble
12556282,ulelrf,alrnaaja ehiem,56092Y0YGF,Guitar Fundamentals
12223337,uli,bulechdsehenw pinii,52185X0YCH,Cantabile
12048068,ullrspi,iagsomna ytl,54612X0YB3,Beginning 3D
12048068,ullrspi,iagsomna ytl,53622X0ATT,Theatre Tech II
9484482937,ullrspi,tayei kpnoi,52672Y0Y7W,Vocal Music Grade 7 Women's
12218141,unazmpgdai-en,athnnjlmn auomeea,52792Y0YPH,String Philharmonic
9313875381,unnstad,anoenion  icrah,52672Y0Y7M,Vocal Music Grade 7 Men's
12047564,unth,aaecinldh o,53622X0YTL,Theatre Lab
1458845796,uolsi, lzadbleaaithihe,52792Y0YST,String Technique
12379174,uq eevzlveusszlaeqa,a zbiilasraemt,53082Y0,MS Theatre Studio
12085329,ur-lrorteywn ,ln aidja,52562X0JS,Jazz Stage
12085329,ur-lrorteywn ,ln aidja,52585X0YWE,Wind Ensemble
12641738,urara-cemedoigr,fieaal oxsa,52412X0YSE,String Ensemble
12641739,urara-cemedoigr,iimlr aniayem,52792Y0YPH,String Philharmonic
12569996,urehnt, nioalecaj,52425X0YCO,Chamber Orchestra (Proficient)
1411538,urlgnirvgail-aaeal,sandre,20402X0Y,Alternate Mathematics
9383372,urosbdtrha,dsaaernhade ,51285X0YCD,Dance Company
12385146,usiaped-ntria,elchelim,53082Y0,MS Theatre Studio
12385146,usiaped-ntria,elchelim,52792Y0YST,String Technique
12335283,usrcab,aan,11035X0Y,French III Honors
12335283,usrcab,aan,52552X0YSB,Symphonic Band
12046489,usrcab,agndbo,3A017X0Y,AP Chemistry
7924166548,usrosg,fane mriiao,52892Y0YBP,Beginning Percussion
12443790,usrosg,vclena iemkih,52185X0YGE,Guitar Ensemble
12443790,usrosg,vclena iemkih,52585X0YWE,Wind Ensemble
7259699698,utnadr, hmsiaylea,53082Y0YTS,Advanced MS Theatre
12112680,utrnre, tiaviocanaacnm,52172X0YBE,Bass Ensemble
12112680,utrnre, tiaviocanaacnm,52552X0YCB,Concert Band
1394210,utrnre,eaarmaenl i,4A017X0Y,AP European History
1394210,utrnre,eaarmaenl i,11035X0Y,French III Honors
1394210,utrnre,eaarmaenl i,52585X0YWE,Wind Ensemble
7464494695,uvoej,lnaenyiasr laeh,52792Y0YST,String Technique
12548360,uzanmg,odofal,52412X0YSE,String Ensemble
9369279326,uzenrd rtgeiamorzi,r oadrnoam,52892Y0YBB,Beginning Band
9369279326,uzenrd rtgeiamorzi,r oadrnoam,52892Y0WE,MS Wind Ensemble
1956045,uzl-odirgejlortuir,aoapdainl a,52552X0YCB,Concert Band
12364615,uznne,aahhjanenn ,52162X0YCC,Concert Chorus
1468618,uznne,aeenjl al,10325X0YNJ,Newspaper Journalism
12597007,uzri, hunjonahtoaajs,52172X0YSO,String Orchestra
12044232,veikcrs,aoil aicmvelyl,52185X0YCH,Cantabile
1951021,vl-aiiaunueavlgarl,rnaade,52162X0YCC,Concert Chorus
12214604,vliaannkok,erittkilyah nnte,52172X0YGS,Guitar Styles
12436737,voeaevq ieodugs,aimranda ia,51092Y0YDE,Middle School Dance Ensemble
12436737,voeaevq ieodugs,aimranda ia,52682Y0Y8W,Vocal Music Grade 8 Women's
12245367,voel,orlkrabnro oe,52185X0YGE,Guitar Ensemble
12095507,vqo-lsaenzrimeeu,arnncib aadyaaa,52412X0YSE,String Ensemble
1495872,vreehy,onkelihearelet n,WB092X0,CTE Advanced and Adobe Digital
1495872,vreehy,onkelihearelet n,10255X0YF2,Film
12085102,vrimeac,enradx,2A037X0Y,AP Statistics
12085102,vrimeac,enradx,TS315X0Y,Game Art Design Honors
12516452,vrufodlm-ya,oaslhmtislm ,53782Y0IS,Intro to Stagecraft Grade 8
12516452,vrufodlm-ya,oaslhmtislm ,52892Y0WE,MS Wind Ensemble
3882925752,vzagle,oseenro dnmalaa,11035X0Y,French III Honors
12333998,wad,saipeoa hm,52552X0YCB,Concert Band
12188803,wadcro,ibuhblwrrunor gos,52195X0YCE,Chorus Chamber Ensemble
12188803,wadcro,ibuhblwrrunor gos,11045X0Y,French IV Honors
12743268,wahotinngs,astia,52672Y0Y7W,Vocal Music Grade 7 Women's
12739913,wahotinngs,elmhaizrihl mece,52692Y078W,Chorus Grade 6-8 Beg Women's
12719314,wahotinngs,ilo nmlimwclaae,52892Y0YBP,Beginning Percussion
12316193,wem rcsoigrme,riml yosee,11035X0Y,French III Honors
12316193,wem rcsoigrme,riml yosee,52585X0YWE,Wind Ensemble
12052700,weol, samajteehn,52195X0YCE,Chorus Chamber Ensemble
12364169,weol,axgd aelenalrno,52162X0YCC,Concert Chorus
12228204,weol,drra yajge,53622X0ATT,Theatre Tech II
9278287725,wiomailsln,co lnuisazrc,52552X0YCB,Concert Band
12517238,wiomailsln,elaahlnahn eic,53782Y0IS,Intro to Stagecraft Grade 8
12517238,wiomailsln,elaahlnahn eic,51092Y0YDE,Middle School Dance Ensemble
1498274,wiomailsln,elahealiikw sd,2A037X0Y,AP Statistics
1498274,wiomailsln,elahealiikw sd,52195X0YCE,Chorus Chamber Ensemble
2618756487,wiomailsln,lzcrceo hu,5A007X0Y,AP Art History
2618756487,wiomailsln,lzcrceo hu,1A087X0Y,AP Spanish Language and Culture
2618756487,wiomailsln,lzcrceo hu,2A037X0Y,AP Statistics
12200295,wlbidel, eyncoejklrad,51262X0YD,Dance Collective
12548426,wliye,ohnanrmasi en,53082Y0YTS,Advanced MS Theatre
12548426,wliye,ohnanrmasi en,52682Y0Y8W,Vocal Music Grade 8 Women's
7922497989,wndeco,l eiasglierem,52792Y0YST,String Technique
12468010,wodgy,mrmei saitrude,52672Y0Y7M,Vocal Music Grade 7 Men's
12509655,worrmo,rroeakdbeslg ,53082Y0YTS,Advanced MS Theatre
12059812,wpoell,i oiasehvla,52185X0YCH,Cantabile
2689143291,wrebre,nuanabria,52162X0YCC,Concert Chorus
12330481,wtndnoes,vclena iemkih,52792Y0YPH,String Philharmonic
12360352,wtse,eahizebamly at,52162X0YCC,Concert Chorus
9831964187,xtreba,mcmh arl cncaecewreaoil,52185X0YGE,Guitar Ensemble
9831964187,xtreba,mcmh arl cncaecewreaoil,10325X0YNJ,Newspaper Journalism
12089910,y jader.,ndleonl,52585X0YWE,Wind Ensemble
12701136,yacl,oiayhsriav mh,52672Y0Y7W,Vocal Music Grade 7 Women's
12689662,yajai,ulwnkioaktalo aooleii,52672Y0Y7W,Vocal Music Grade 7 Women's
1726144542,ybilrte,eeaelzlm l,52185X0YCH,Cantabile
4976188655,ybilrte,rael,56092Y0YGF,Guitar Fundamentals
9345841741,ydpip,syenleiaenl nea,3A017X0Y,AP Chemistry
9345841741,ydpip,syenleiaenl nea,4A017X0Y,AP European History
9345841741,ydpip,syenleiaenl nea,2A037X0Y,AP Statistics
9345841741,ydpip,syenleiaenl nea,TS315X0Y,Game Art Design Honors
5584611328,yeamr,taecarcpaigri ,52162X0YCC,Concert Chorus
12515713,yehaf,dzefjoeln ca,53082Y0YTS,Advanced MS Theatre
12515713,yehaf,dzefjoeln ca,52892Y0WE,MS Wind Ensemble
12046763,yhaele,emtaognmsa h,52585X0YWE,Wind Ensemble
12534804,ykell,eounewgdnn slazyn,53082Y0YTS,Advanced MS Theatre
12534804,ykell,eounewgdnn slazyn,52682Y0Y8W,Vocal Music Grade 8 Women's
1472486,ynkmnice, eheyrjpssmo,52195X0YCE,Chorus Chamber Ensemble
1472486,ynkmnice, eheyrjpssmo,52172X0YGS,Guitar Styles
12729517,ynkmnice, ilvonajaie,52672Y0Y7W,Vocal Music Grade 7 Women's
12534994,ynkmnice,abwia gndila,51092Y0YDE,Middle School Dance Ensemble
1530509,ynkmnice,uteceoynenrriv ,20402X0Y,Alternate Mathematics
1636388396,yonts,oobalreer cki,11035X0Y,French III Honors
12510173,yotrmsae avetonnc,acalr,52892Y0YBP,Beginning Percussion
12510173,yotrmsae avetonnc,acalr,52892Y0WE,MS Wind Ensemble
12510173,yotrmsae avetonnc,acalr,51092Y0YDE,Middle School Dance Ensemble
7188221499,yrbd, nayuaahosgnaav,4A017X0Y,AP European History
1386235,yreglrba,cxnoperotap o,20412X0Y,Alternate Mathematics II
12439448,yreglrba,egyadbnietd tre,52552X0YCB,Concert Band
12527007,yrfaeli,snaaa niaam,52892Y0IB,Cadet Band
12527007,yrfaeli,snaaa niaam,53082Y0,MS Theatre Studio
12629148,yrmrbeli,soxl tlireyaa,52792Y0YSD,Middle School String Development
12613476,yrre-bostesah,nonrett,52892Y0YBP,Beginning Percussion
12613476,yrre-bostesah,nonrett,52892Y0IB,Cadet Band
12054207,yzidrges-oenemu, dlsaylley,11505X0YS2,Spanish Heritage II Honors
12054207,yzidrges-oenemu, dlsaylley,52585X0YWE,Wind Ensemble
12575526,zaamne-coamjar,lesile,52792Y0YST,String Technique
12058849,zcer-sbouu, nmroyeroua,52172X0YBE,Bass Ensemble
12507288,zelouwt, lleoieese,52792Y0YPH,String Philharmonic
1490691,zen nrnraduhbeai,nnjoy,52185X0YGE,Guitar Ensemble
12459652,zenluietraemra-g,gael nikme,96102Y0CSS,Study Skills 7th
12459652,zenluietraemra-g,gael nikme,52682Y0Y8M,Vocal Music Grade 8 Men's
12283858,zgezorcum-,seijacs,52162X0YCC,Concert Chorus
12283858,zgezorcum-,seijacs,56092Y0YGF,Guitar Fundamentals
7882526223,zimta,iloansch,52892Y0IB,Cadet Band
7882526223,zimta,iloansch,10382Y07,ESL Middle
1859912,zntearmi,erltarsiav e,52185X0YCH,Cantabile
12333572,znu-rnucez,idanam,52172X0YGS,Guitar Styles
12333572,znu-rnucez,idanam,52552X0YSB,Symphonic Band
1951005,znuaig,odnrbelnaxrae and,52552X0YCB,Concert Band
8963449416,zpleo,saeyahesnl ks,52692Y078W,Chorus Grade 6-8 Beg Women's
1472947,zr-dinoauaeaygr,oaelrond,2A037X0Y,AP Statistics
1472947,zr-dinoauaeaygr,oaelrond,10322X0Y2,Yearbook Journalism
1928807,zr-scntveoioaimc,lemye,52552X0YSB,Symphonic Band
12377686,zrnrbmartcaaie-e,iaauyye mnill,52692Y078W,Chorus Grade 6-8 Beg Women's
12729719,ztemr azcoeuca,aatny,52792Y0YSD,Middle School String Development
9627136433,zz-quearvcra,cah iaasmal,52172X0YBE,Bass Ensemble
12046286,zze-necnraihdcse,sieaxl,52172X0YBE,Bass Ensemble
12046286,zze-necnraihdcse,sieaxl,52552X0YCB,Concert Band
